nodeID,nodePath,Query,Refinement Link,Unnamed: 4,Unnamed: 5,Unnamed: 6
1063498.0,Home & Kitchen,,See all available refinements,,,
1063236.0,Home & Kitchen/Bath,,See all available refinements,,,
1063238.0,Home & Kitchen/Bath/Bathroom Accessories,item_type_keyword:bathroom-accessories,See all available refinements,,,
13749901.0,Home & Kitchen/Bath/Bathroom Accessories/Bathroom Mirrors,item_type_keyword:bathroom-mirrors,See all available refinements,,,
3731931.0,Home & Kitchen/Bath/Bathroom Accessories/Bathtub Accessories,,See all available refinements,,,
3731971.0,Home & Kitchen/Bath/Bathroom Accessories/Holders & Dispensers,,See all available refinements,,,
13749781.0,Home & Kitchen/Bath/Bathroom Accessories/Holders & Dispensers/Dispensers,item_type_keyword:dispensers,See all available refinements,,,
85968011.0,Home & Kitchen/Bath/Bathroom Accessories/Scales,item_type_keyword:bathroom-scales,See all available refinements,,,
3731941.0,Home & Kitchen/Bath/Bathroom Accessories/Shower Accessories,,See all available refinements,,,
1063246.0,"Home & Kitchen/Bath/Bathroom Accessories/Shower Curtains, Hooks & Liners",,See all available refinements,,,
23873694011.0,"Home & Kitchen/Bath/Bathroom Accessories/Shower Curtains, Hooks & Liners/Shower Curtain Hangers",,See all available refinements,,,
680352011.0,Home & Kitchen/Bath/Bathroom Accessories/Showerheads,item_type_keyword:showerheads,See all available refinements,,,
3731951.0,Home & Kitchen/Bath/Bathroom Accessories/Toilet Accessories,,See all available refinements,,,
16350971.0,Home & Kitchen/Bath/Bathroom Accessories/Towel Holders,,See all available refinements,,,
5392425011.0,Home & Kitchen/Bath/Bathroom Furniture,,See all available refinements,,,
13749901.0,Home & Kitchen/Bath/Bathroom Furniture/Bathroom Mirrors,item_type_keyword:bathroom-mirrors,See all available refinements,,,
16350971.0,Home & Kitchen/Bath/Bathroom Furniture/Towel Holders,,See all available refinements,,,
3263108011.0,Home & Kitchen/Bath/Kids' Bath,,See all available refinements,,,
3263109011.0,Home & Kitchen/Bath/Kids' Bath/Kids' Bathroom Accessories,,See all available refinements,,,
3265577011.0,Home & Kitchen/Bath/Kids' Bath/Kids' Bathroom Accessories/Kids' Bathroom Holders & Dispensers,,See all available refinements,,,
3265575011.0,Home & Kitchen/Bath/Kids' Bath/Kids' Bathroom Accessories/Kids' Bathtub Accessories,,See all available refinements,,,
3265576011.0,Home & Kitchen/Bath/Kids' Bath/Kids' Bathroom Accessories/Kids' Shower Accessories,,See all available refinements,,,
1063244.0,Home & Kitchen/Bath/Towels,item_type_keyword:towels,See all available refinements,,,
1063252.0,Home & Kitchen/Bedding,,See all available refinements,,,
562190.0,Home & Kitchen/Bedding/Air Mattresses & Accessories,item_type_keyword:inflatable-bed-products,See all available refinements,,,
1199122.0,Home & Kitchen/Bedding/Bed Pillows & Positioners,,See all available refinements,,,
3732231.0,Home & Kitchen/Bedding/Bedding Accessories,item_type_keyword:bedding-accessories,See all available refinements,,,
3732131.0,Home & Kitchen/Bedding/Bedding Sets & Collections,item_type_keyword:bedding-collections,See all available refinements,,,
10671038011.0,"Home & Kitchen/Bedding/Bedspreads, Coverlets & Sets",,See all available refinements,,,
1063280.0,Home & Kitchen/Bedding/Blankets & Throws,,See all available refinements,,,
2224405011.0,Home & Kitchen/Bedding/Comforters & Sets,,See all available refinements,,,
1063262.0,"Home & Kitchen/Bedding/Decorative Pillows, Inserts & Covers",,See all available refinements,,,
21404094011.0,Home & Kitchen/Bedding/Duvet Covers & Sets,,See all available refinements,,,
1063268.0,Home & Kitchen/Bedding/Kids' Bedding,item_type_keyword:childrens-bedding,See all available refinements,,,
362532011.0,Home & Kitchen/Bedding/Kids' Bedding/Bedding Sets & Collections,item_type_keyword:childrens-bedding-collections,See all available refinements,,,
362533011.0,Home & Kitchen/Bedding/Kids' Bedding/Blankets & Throws,item_type_keyword:childrens-blankets,See all available refinements,,,
10671040011.0,Home & Kitchen/Bedding/Kids' Bedding/Comforters & Sets,,See all available refinements,,,
16927404011.0,Home & Kitchen/Bedding/Kids' Bedding/Decorative Pillows & Covers,item_type_keyword:childrens-decorative-pillows,See all available refinements,,,
10671041011.0,Home & Kitchen/Bedding/Kids' Bedding/Duvet Covers & Sets,,See all available refinements,,,
10671042011.0,Home & Kitchen/Bedding/Kids' Bedding/Quilts & Sets,,See all available refinements,,,
13750161.0,Home & Kitchen/Bedding/Kids' Bedding/Sheets & Pillowcases,item_type_keyword:childrens-sheets,See all available refinements,,,
17874224011.0,Home & Kitchen/Bedding/Mattress Pads & Toppers,,See all available refinements,,,
17874225011.0,Home & Kitchen/Bedding/Mattress Protectors & Encasements,,See all available refinements,,,
166742011.0,Home & Kitchen/Bedding/Nursery Bedding,item_type_keyword:nursery-bedding,See all available refinements,,,
24035094011.0,Home & Kitchen/Bedding/Nursery Bedding/Baby Bedding,,See all available refinements,,,
24035102011.0,Home & Kitchen/Bedding/Nursery Bedding/Baby Bedding/Bed Skirts,item_type_keyword:nursery-bed-skirts,See all available refinements,,,
24035100011.0,Home & Kitchen/Bedding/Nursery Bedding/Baby Bedding/Bedding Accessories,,See all available refinements,,,
24035101011.0,Home & Kitchen/Bedding/Nursery Bedding/Baby Bedding/Bedding Sets,item_type_keyword:nursery-bedding-sets,See all available refinements,,,
24035103011.0,Home & Kitchen/Bedding/Nursery Bedding/Baby Bedding/Sheets,,See all available refinements,,,
166747011.0,Home & Kitchen/Bedding/Nursery Bedding/Blankets & Swaddling,item_type_keyword:nursery-blankets,See all available refinements,,,
24035095011.0,Home & Kitchen/Bedding/Nursery Bedding/Mattress Protection,,See all available refinements,,,
166817011.0,Home & Kitchen/Bedding/Nursery Bedding/Mattresses,item_type_keyword:nursery-bed-mattresses,See all available refinements,,,
302884011.0,Home & Kitchen/Bedding/Nursery Bedding/Toddler Bedding,item_type_keyword:toddler-bedding,See all available refinements,,,
24035099011.0,Home & Kitchen/Bedding/Nursery Bedding/Toddler Bedding/Bedding Accessories,,See all available refinements,,,
16545434011.0,"Home & Kitchen/Bedding/Nursery Bedding/Toddler Bedding/Duvets, Covers & Sets",item_type_keyword:toddler-duvets-covers-and-sets,See all available refinements,,,
16545438011.0,"Home & Kitchen/Bedding/Nursery Bedding/Toddler Bedding/Sheets, Pillowcases & Sets",item_type_keyword:toddler-sheets-pillowcases-and-sets,See all available refinements,,,
10671039011.0,Home & Kitchen/Bedding/Quilts & Sets,,See all available refinements,,,
1063274.0,Home & Kitchen/Bedding/Sheets & Pillowcases,,See all available refinements,,,
10802561.0,Home & Kitchen/Cleaning Supplies,,See all available refinements,,,
15356121.0,Home & Kitchen/Cleaning Supplies/Air Fresheners,item_type_keyword:air-freshener-supplies,See all available refinements,,,
15342891.0,Home & Kitchen/Cleaning Supplies/Brushes,item_type_keyword:cleaning-brushes,See all available refinements,,,
15356181.0,Home & Kitchen/Cleaning Supplies/Dusting,,See all available refinements,,,
15342821.0,Home & Kitchen/Cleaning Supplies/Household Cleaners,( item_type_keyword:household-cleaners OR item_type_keyword:household-polish ),See all available refinements,,,
15347371.0,Home & Kitchen/Cleaning Supplies/Household Cleaners/Bathroom Cleaners,item_type_keyword:bathroom-cleaners,See all available refinements,,,
23870327011.0,Home & Kitchen/Cleaning Supplies/Household Cleaners/Carpet Cleaners,item_type_keyword:carpet-cleaners,See all available refinements,,,
15342831.0,Home & Kitchen/Cleaning Supplies/Household Cleaners/Cleaning Tools,item_type_keyword:cleaning-tools,,,,
15342891.0,Home & Kitchen/Cleaning Supplies/Household Cleaners/Cleaning Tools/Brushes,item_type_keyword:cleaning-brushes,See all available refinements,,,
15356181.0,Home & Kitchen/Cleaning Supplies/Household Cleaners/Cleaning Tools/Dusting,,See all available refinements,,,
2245503011.0,Home & Kitchen/Cleaning Supplies/Household Cleaners/Cleaning Tools/Mopping,,See all available refinements,,,
2245508011.0,Home & Kitchen/Cleaning Supplies/Household Cleaners/Cleaning Tools/Mopping/Accessories,item_type_keyword:mop-accessories,See all available refinements,,,
2245507011.0,Home & Kitchen/Cleaning Supplies/Household Cleaners/Cleaning Tools/Mopping/Wet & Dry Mops,item_type_keyword:wet-and-dry-mops,See all available refinements,,,
2245502011.0,Home & Kitchen/Cleaning Supplies/Household Cleaners/Cleaning Tools/Sweeping,,See all available refinements,,,
2245510011.0,Home & Kitchen/Cleaning Supplies/Household Cleaners/Cleaning Tools/Sweeping/Brooms,item_type_keyword:brooms,See all available refinements,,,
21599754011.0,Home & Kitchen/Cleaning Supplies/Household Cleaners/Cleaning Tools/Sweeping/Parts & Accessories,item_type_keyword:sweeping-parts-and-accessories,See all available refinements,,,
15693661.0,Home & Kitchen/Cleaning Supplies/Household Cleaners/Kitchen Cleaners,item_type_keyword:kitchen-cleaners,See all available refinements,,,
15524345011.0,Home & Kitchen/Cleaning Supplies/Household Cleaners/Kitchen Cleaners/Dishwasher & Garbage Disposal Cleaners,,See all available refinements,,,
2247610011.0,Home & Kitchen/Cleaning Supplies/Household Cleaners/Upholstery Cleaners,item_type_keyword:upholstery-cleaners,See all available refinements,,,
15524340011.0,Home & Kitchen/Cleaning Supplies/Household Cleaners/Wood Polish & Care,,See all available refinements,,,
2245503011.0,Home & Kitchen/Cleaning Supplies/Mopping,,See all available refinements,,,
2245508011.0,Home & Kitchen/Cleaning Supplies/Mopping/Accessories,item_type_keyword:mop-accessories,See all available refinements,,,
2245507011.0,Home & Kitchen/Cleaning Supplies/Mopping/Wet & Dry Mops,item_type_keyword:wet-and-dry-mops,See all available refinements,,,
2245502011.0,Home & Kitchen/Cleaning Supplies/Sweeping,,See all available refinements,,,
2245510011.0,Home & Kitchen/Cleaning Supplies/Sweeping/Brooms,item_type_keyword:brooms,See all available refinements,,,
21599754011.0,Home & Kitchen/Cleaning Supplies/Sweeping/Parts & Accessories,item_type_keyword:sweeping-parts-and-accessories,See all available refinements,,,
901590.0,Home & Kitchen/Event & Party Supplies,item_type_keyword:party-supplies,See all available refinements,,,
9014234011.0,Home & Kitchen/Event & Party Supplies/Adult Novelty,item_type_keyword:adult-novelty-party-supplies,See all available refinements,,,
16961053011.0,Home & Kitchen/Event & Party Supplies/Ceremony Supplies,,See all available refinements,,,
1266203011.0,Home & Kitchen/Event & Party Supplies/Children's Party Supplies,item_type_keyword:childrens-party-supplies,See all available refinements,,,
274320011.0,Home & Kitchen/Event & Party Supplies/Children's Party Supplies/Decorations,item_type_keyword:childrens-party-decorations,See all available refinements,,,
10844429011.0,Home & Kitchen/Event & Party Supplies/Children's Party Supplies/Decorations/Cake & Cupcake Toppers,,See all available refinements,,,
166044011.0,Home & Kitchen/Event & Party Supplies/Children's Party Supplies/Party Favors,item_type_keyword:childrens-party-favor-sets,See all available refinements,,,
274330011.0,Home & Kitchen/Event & Party Supplies/Children's Party Supplies/Party Tableware,item_type_keyword:childrens-party-tableware,See all available refinements,,,
723469011.0,Home & Kitchen/Event & Party Supplies/Decorations,item_type_keyword:party-decorations,See all available refinements,,,
723476011.0,Home & Kitchen/Event & Party Supplies/Favors,item_type_keyword:party-favors,See all available refinements,,,
23571481011.0,Home & Kitchen/Event & Party Supplies/Favors/Boxes & Bags,item_type_keyword:party-favor-boxes-and-bags,See all available refinements,,,
23571483011.0,Home & Kitchen/Event & Party Supplies/Favors/Jewelry Packs,item_type_keyword:party-favor-jewelry-packs,See all available refinements,,,
13468941.0,Home & Kitchen/Event & Party Supplies/Place Cards & Place Card Holders,,See all available refinements,,,
723481011.0,Home & Kitchen/Event & Party Supplies/Tableware,item_type_keyword:party-tableware,See all available refinements,,,
1063306.0,Home & Kitchen/Furniture,,See all available refinements,,,
16543322011.0,Home & Kitchen/Furniture/Accent Furniture,,See all available refinements,,,
23811661011.0,Home & Kitchen/Furniture/Accent Furniture/Storage Trunks & Chests,,See all available refinements,,,
5392425011.0,Home & Kitchen/Furniture/Bathroom Furniture,,See all available refinements,,,
13749901.0,Home & Kitchen/Furniture/Bathroom Furniture/Bathroom Mirrors,item_type_keyword:bathroom-mirrors,See all available refinements,,,
16350971.0,Home & Kitchen/Furniture/Bathroom Furniture/Towel Holders,,See all available refinements,,,
1063308.0,Home & Kitchen/Furniture/Bedroom Furniture,,See all available refinements,,,
3733101.0,"Home & Kitchen/Furniture/Bedroom Furniture/Beds, Frames & Bases",,See all available refinements,,,
17873917011.0,"Home & Kitchen/Furniture/Bedroom Furniture/Beds, Frames & Bases/Bases & Foundations",,See all available refinements,,,
8521751011.0,"Home & Kitchen/Furniture/Bedroom Furniture/Beds, Frames & Bases/Headboards & Footboards",,See all available refinements,,,
3732961.0,Home & Kitchen/Furniture/Bedroom Furniture/Mattresses & Box Springs,,See all available refinements,,,
23811661011.0,Home & Kitchen/Furniture/Bedroom Furniture/Storage Trunks & Chests,,See all available refinements,,,
3733291.0,Home & Kitchen/Furniture/Bedroom Furniture/Vanities & Vanity Benches,,See all available refinements,,,
3733781.0,Home & Kitchen/Furniture/Dining Room Furniture,,See all available refinements,,,
3744251.0,Home & Kitchen/Furniture/Dining Room Furniture/Wine Racks & Cabinets,item_type_keyword:wine-racks,See all available refinements,,,
3249856011.0,Home & Kitchen/Furniture/Entryway Furniture,,See all available refinements,,,
695481011.0,Home & Kitchen/Furniture/Entryway Furniture/Shoe Organizers,,See all available refinements,,,
5422303011.0,Home & Kitchen/Furniture/Game & Recreation Room Furniture,,See all available refinements,,,
3734181.0,Home & Kitchen/Furniture/Game & Recreation Room Furniture/Folding Tables,item_type_keyword:folding-tables,See all available refinements,,,
8516085011.0,Home & Kitchen/Furniture/Game & Recreation Room Furniture/Folding Tables & Chairs,,See all available refinements,,,
18682062011.0,Home & Kitchen/Furniture/Game & Recreation Room Furniture/Gaming Chairs,,See all available refinements,,,
3734101.0,Home & Kitchen/Furniture/Game & Recreation Room Furniture/Home Bar Furniture,,See all available refinements,,,
405814011.0,Home & Kitchen/Furniture/Game & Recreation Room Furniture/Home Bar Furniture/Bars & Wine Cabinets,item_type_keyword:home-bars,See all available refinements,,,
1063310.0,Home & Kitchen/Furniture/Game & Recreation Room Furniture/TV & Media Furniture,,See all available refinements,,,
24046924011.0,Home & Kitchen/Furniture/Game & Recreation Room Furniture/TV & Media Furniture/CD & DVD Racks,,See all available refinements,,,
3733321.0,Home & Kitchen/Furniture/Game & Recreation Room Furniture/TV & Media Furniture/Media Storage,item_type_keyword:audio-video-media-cabinets,See all available refinements,,,
21217994011.0,Home & Kitchen/Furniture/Game & Recreation Room Furniture/TV & Media Furniture/TV Stands & Wall Brackets,,See all available refinements,,,
1063312.0,Home & Kitchen/Furniture/Home Office Furniture,item_type_keyword:home-office-furniture,See all available refinements,,,
18682064011.0,Home & Kitchen/Furniture/Home Office Furniture/Home Office Chairs,,See all available refinements,,,
1063314.0,Home & Kitchen/Furniture/Kids' Furniture,item_type_keyword:childrens-furniture,See all available refinements,,,
3733371.0,Home & Kitchen/Furniture/Kids' Furniture/Armoires & Dressers,,See all available refinements,,,
3733361.0,"Home & Kitchen/Furniture/Kids' Furniture/Bed Frames, Headboards & Footboards",,See all available refinements,,,
14109871.0,Home & Kitchen/Furniture/Kids' Furniture/Chairs & Seats,item_type_keyword:childrens-chairs,See all available refinements,,,
8529227011.0,Home & Kitchen/Furniture/Kids' Furniture/Desks & Desk Sets,,See all available refinements,,,
8529229011.0,Home & Kitchen/Furniture/Kids' Furniture/Tables & Chairs,,See all available refinements,,,
23691551011.0,Home & Kitchen/Furniture/Kitchen Furniture,,See all available refinements,,,
3744061.0,Home & Kitchen/Furniture/Kitchen Furniture/Baker's Racks,item_type_keyword:baker-racks,See all available refinements,,,
8521400011.0,Home & Kitchen/Furniture/Kitchen Furniture/Storage Islands & Carts,item_type_keyword:kitchen-islands-and-carts,See all available refinements,,,
1063318.0,Home & Kitchen/Furniture/Living Room Furniture,,See all available refinements,,,
107167000000.0,"Home & Kitchen/Furniture/Living Room Furniture/Bean Bags, Covers & Refills",,See all available refinements,,,
23811660011.0,Home & Kitchen/Furniture/Living Room Furniture/Cabinets,,See all available refinements,,,
13753041.0,Home & Kitchen/Furniture/Living Room Furniture/Futons,item_type_keyword:futons,See all available refinements,,,
1063310.0,Home & Kitchen/Furniture/Living Room Furniture/TV & Media Furniture,,See all available refinements,,,
24046924011.0,Home & Kitchen/Furniture/Living Room Furniture/TV & Media Furniture/CD & DVD Racks,,See all available refinements,,,
3733321.0,Home & Kitchen/Furniture/Living Room Furniture/TV & Media Furniture/Media Storage,item_type_keyword:audio-video-media-cabinets,See all available refinements,,,
21217994011.0,Home & Kitchen/Furniture/Living Room Furniture/TV & Media Furniture/TV Stands & Wall Brackets,,See all available refinements,,,
680098011.0,Home & Kitchen/Furniture/Living Room Furniture/Tables,,See all available refinements,,,
13552765011.0,Home & Kitchen/Furniture/Nursery Furniture,,See all available refinements,,,
13552766011.0,Home & Kitchen/Furniture/Nursery Furniture/Changing & Dressing,,See all available refinements,,,
15566954011.0,"Home & Kitchen/Furniture/Nursery Furniture/Cribs, Beds & Mattresses",,See all available refinements,,,
677977011.0,"Home & Kitchen/Furniture/Nursery Furniture/Cribs, Beds & Mattresses/Bassinets",item_type_keyword:bassinets,See all available refinements,,,
166817011.0,"Home & Kitchen/Furniture/Nursery Furniture/Cribs, Beds & Mattresses/Mattresses",item_type_keyword:nursery-bed-mattresses,See all available refinements,,,
239222011.0,"Home & Kitchen/Furniture/Nursery Furniture/Gliders, Ottomans & Rocking Chairs",item_type_keyword:nursery-gliders-ottomans-and-rocking-chairs,See all available refinements,,,
8516080011.0,Home & Kitchen/Furniture/Replacement Parts,item_type_keyword:furniture-replacement-parts,See all available refinements,,,
3206324011.0,"Home & Kitchen/Heating, Cooling & Air Quality",,See all available refinements,,,
14554126011.0,"Home & Kitchen/Heating, Cooling & Air Quality/Air Conditioners",item_type_keyword:room-air-conditioners,See all available refinements,,,
267554011.0,"Home & Kitchen/Heating, Cooling & Air Quality/Air Purifiers",item_type_keyword:air-purifiers,See all available refinements,,,
14554129011.0,"Home & Kitchen/Heating, Cooling & Air Quality/Evaporative Coolers",item_type_keyword:evaporative-coolers,See all available refinements,,,
3737601.0,"Home & Kitchen/Heating, Cooling & Air Quality/Household Fans",item_type_keyword:electric-household-fans,See all available refinements,,,
17685839011.0,"Home & Kitchen/Heating, Cooling & Air Quality/Humidifiers",item_type_keyword:humidifiers,See all available refinements,,,
19149190011.0,"Home & Kitchen/Heating, Cooling & Air Quality/Parts & Accessories",,See all available refinements,,,
3737681.0,"Home & Kitchen/Heating, Cooling & Air Quality/Parts & Accessories/Air Conditioner Parts & Accessories",item_type_keyword:room-air-conditioner-replacement-parts,See all available refinements,,,
3737401.0,"Home & Kitchen/Heating, Cooling & Air Quality/Parts & Accessories/Air Purifier Parts & Accessories",,See all available refinements,,,
19149192011.0,"Home & Kitchen/Heating, Cooling & Air Quality/Parts & Accessories/Dehumidifier Parts & Accessories",,See all available refinements,,,
3737511.0,"Home & Kitchen/Heating, Cooling & Air Quality/Parts & Accessories/Humidifier Parts & Accessories",,See all available refinements,,,
3735221.0,"Home & Kitchen/Heating, Cooling & Air Quality/Parts & Accessories/Stove & Fireplace Accessories",item_type_keyword:fireplace-accessories,See all available refinements,,,
16542427011.0,"Home & Kitchen/Heating, Cooling & Air Quality/Parts & Accessories/Stove & Fireplace Accessories/Fireplace Tools",,See all available refinements,,,
16188187011.0,"Home & Kitchen/Heating, Cooling & Air Quality/Parts & Accessories/Stove & Fireplace Accessories/Mantels & Surrounds",,See all available refinements,,,
510182.0,"Home & Kitchen/Heating, Cooling & Air Quality/Space Heaters",,See all available refinements,,,
1063284.0,"Home & Kitchen/Heating, Cooling & Air Quality/Stoves & Fireplaces",,See all available refinements,,,
17160390011.0,"Home & Kitchen/Heating, Cooling & Air Quality/Stoves & Fireplaces/Fireplaces",item_type_keyword:fireplaces,See all available refinements,,,
17160391011.0,"Home & Kitchen/Heating, Cooling & Air Quality/Stoves & Fireplaces/Stoves",item_type_keyword:stoves,See all available refinements,,,
1063278.0,Home & Kitchen/Home Décor Products,,See all available refinements,,,
14087351.0,Home & Kitchen/Home Décor Products/Artificial Plants & Flowers,,See all available refinements,,,
16183932011.0,Home & Kitchen/Home Décor Products/Artificial Plants & Flowers/Artificial Shrubs & Topiaries,,See all available refinements,,,
1063282.0,Home & Kitchen/Home Décor Products/Candles & Holders,,See all available refinements,,,
3734311.0,Home & Kitchen/Home Décor Products/Candles & Holders/Accessories,item_type_keyword:candle-accessories,See all available refinements,,,
3734591.0,Home & Kitchen/Home Décor Products/Candles & Holders/Candleholders,item_type_keyword:candleholders,See all available refinements,,,
3734391.0,Home & Kitchen/Home Décor Products/Candles & Holders/Candles,item_type_keyword:candles,See all available refinements,,,
3734531.0,Home & Kitchen/Home Décor Products/Candles & Holders/Candles/Specialty Candles,,See all available refinements,,,
542938.0,Home & Kitchen/Home Décor Products/Clocks,item_type_keyword:clocks,See all available refinements,,,
108365011.0,Home & Kitchen/Home Décor Products/Clocks/Specialty Clocks,,See all available refinements,,,
1063262.0,Home & Kitchen/Home Décor Products/Decorative Pillows,,See all available refinements,,,
23556836011.0,Home & Kitchen/Home Décor Products/Dried & Preserved Flora,item_type_keyword:dried-and-preserved-flora,See all available refinements,,,
3735061.0,Home & Kitchen/Home Décor Products/Home Décor Accents,,See all available refinements,,,
15362961.0,Home & Kitchen/Home Décor Products/Home Décor Accents/Collectible Buildings & Accessories,,See all available refinements,,,
16924284011.0,Home & Kitchen/Home Décor Products/Home Décor Accents/Commemorative & Decorative Plates,,See all available refinements,,,
3295676011.0,Home & Kitchen/Home Décor Products/Home Décor Accents/Decorative Accessories,,See all available refinements,,,
3735181.0,Home & Kitchen/Home Décor Products/Home Décor Accents/Display Stands,item_type_keyword:display-stands,See all available refinements,,,
19098215011.0,Home & Kitchen/Home Décor Products/Home Décor Accents/Doorway Curtains,item_type_keyword:doorway-curtains,See all available refinements,,,
16186590011.0,Home & Kitchen/Home Décor Products/Home Décor Accents/Memo Boards,,See all available refinements,,,
3735191.0,Home & Kitchen/Home Décor Products/Home Décor Accents/Sculptures,item_type_keyword:sculptures,See all available refinements,,,
3734741.0,Home & Kitchen/Home Décor Products/Home Fragrance,item_type_keyword:home-fragrance-products,See all available refinements,,,
13980701.0,Home & Kitchen/Home Décor Products/Home Fragrance/Incense & Incense Holders,,See all available refinements,,,
3734771.0,Home & Kitchen/Home Décor Products/Home Fragrance/Incense & Incense Holders/Incense,item_type_keyword:incense,See all available refinements,,,
13980711.0,"Home & Kitchen/Home Décor Products/Home Fragrance/Reed Diffusers, Oils & Accessories",,See all available refinements,,,
510236.0,Home & Kitchen/Home Décor Products/Indoor Fountains & Accessories,item_type_keyword:indoor-fountains,See all available refinements,,,
3735921.0,Home & Kitchen/Home Décor Products/Indoor Fountains & Accessories/Indoor Fountain Accessories,item_type_keyword:indoor-fountain-accessories,See all available refinements,,,
404454011.0,Home & Kitchen/Home Décor Products/Kids' Room Décor,item_type_keyword:childrens-room-decor,See all available refinements,,,
404455011.0,Home & Kitchen/Home Décor Products/Kids' Room Décor/Accents,,See all available refinements,,,
16927404011.0,Home & Kitchen/Home Décor Products/Kids' Room Décor/Accents/Decorative Pillows & Covers,item_type_keyword:childrens-decorative-pillows,See all available refinements,,,
6498203011.0,Home & Kitchen/Home Décor Products/Kids' Room Décor/Backpacks & Lunch Boxes,,See all available refinements,,,
16927404011.0,Home & Kitchen/Home Décor Products/Kids' Room Décor/Decorative Pillows,item_type_keyword:childrens-decorative-pillows,See all available refinements,,,
404458011.0,Home & Kitchen/Home Décor Products/Kids' Room Décor/Wall Décor,item_type_keyword:childrens-wall-decor,See all available refinements,,,
404459011.0,Home & Kitchen/Home Décor Products/Kids' Room Décor/Window Treatments,item_type_keyword:childrens-window-treatments,See all available refinements,,,
16927409011.0,Home & Kitchen/Home Décor Products/Kids' Room Décor/Window Treatments/Window Stickers & Films,,See all available refinements,,,
3736371.0,Home & Kitchen/Home Décor Products/Mirrors,item_type_keyword:mirrors,See all available refinements,,,
13749901.0,Home & Kitchen/Home Décor Products/Mirrors/Bathroom Mirrors,item_type_keyword:bathroom-mirrors,See all available refinements,,,
166875011.0,Home & Kitchen/Home Décor Products/Nursery Décor,item_type_keyword:nursery-decor-products,See all available refinements,,,
166885011.0,Home & Kitchen/Home Décor Products/Nursery Décor/Wall Décor,item_type_keyword:nursery-wall-decor,See all available refinements,,,
166886011.0,Home & Kitchen/Home Décor Products/Nursery Décor/Window Treatments,item_type_keyword:baby-nursery-window-treatments,See all available refinements,,,
16927409011.0,Home & Kitchen/Home Décor Products/Nursery Décor/Window Treatments/Window Stickers & Films,,See all available refinements,,,
239228011.0,Home & Kitchen/Home Décor Products/Nursery Keepsakes,item_type_keyword:baby-keepsake-products,See all available refinements,,,
10133745011.0,Home & Kitchen/Home Décor Products/Oil Lamps & Accessories,,See all available refinements,,,
21557027011.0,"Home & Kitchen/Home Décor Products/Photo Albums, Frames & Accessories",,See all available refinements,,,
21557028011.0,"Home & Kitchen/Home Décor Products/Photo Albums, Frames & Accessories/Photo Albums",item_type_keyword:photo-albums,See all available refinements,,,
1063286.0,"Home & Kitchen/Home Décor Products/Photo Albums, Frames & Accessories/Picture Frames",item_type_keyword:frames,See all available refinements,,,
21487702011.0,"Home & Kitchen/Home Décor Products/Rugs, Pads & Protectors",,See all available refinements,,,
1063300.0,Home & Kitchen/Home Décor Products/Slipcovers,item_type_keyword:slipcovers,See all available refinements,,,
3736311.0,Home & Kitchen/Home Décor Products/Window Treatment Hardware,item_type_keyword:window-treatment-hardware,See all available refinements,,,
14236191.0,Home & Kitchen/Home Décor Products/Window Treatment Hardware/Shutter Hardware,item_type_keyword:window-shutter-hardware,See all available refinements,,,
3736331.0,Home & Kitchen/Home Décor Products/Window Treatment Hardware/Window Rods,item_type_keyword:window-treatment-rods,See all available refinements,,,
1063302.0,Home & Kitchen/Home Décor Products/Window Treatments,item_type_keyword:window-treatments,See all available refinements,,,
3736181.0,Home & Kitchen/Home Décor Products/Window Treatments/Blinds & Shades,item_type_keyword:window-treatment-blinds-and-shades,See all available refinements,,,
3736141.0,Home & Kitchen/Home Décor Products/Window Treatments/Curtains & Drapes,item_type_keyword:window-treatment-curtains-and-drapes,See all available refinements,,,
16136295011.0,Home & Kitchen/Home Décor Products/Window Treatments/Window Stickers,item_type_keyword:window-stickers,See all available refinements,,,
16136294011.0,Home & Kitchen/Home Décor Products/Window Treatments/Window Stickers & Films,,See all available refinements,,,
510240.0,Home & Kitchen/Irons & Steamers,item_type_keyword:ironing-products,See all available refinements,,,
3737851.0,Home & Kitchen/Irons & Steamers/Ironing Accessories,item_type_keyword:ironing-accessories,See all available refinements,,,
3206325011.0,Home & Kitchen/Kids' Home Store,,See all available refinements,,,
3263108011.0,Home & Kitchen/Kids' Home Store/Kids' Bath,,See all available refinements,,,
3263109011.0,Home & Kitchen/Kids' Home Store/Kids' Bath/Kids' Bathroom Accessories,,See all available refinements,,,
3265577011.0,Home & Kitchen/Kids' Home Store/Kids' Bath/Kids' Bathroom Accessories/Kids' Bathroom Holders & Dispensers,,See all available refinements,,,
3265575011.0,Home & Kitchen/Kids' Home Store/Kids' Bath/Kids' Bathroom Accessories/Kids' Bathtub Accessories,,See all available refinements,,,
3265576011.0,Home & Kitchen/Kids' Home Store/Kids' Bath/Kids' Bathroom Accessories/Kids' Shower Accessories,,See all available refinements,,,
1063268.0,Home & Kitchen/Kids' Home Store/Kids' Bedding,item_type_keyword:childrens-bedding,See all available refinements,,,
362532011.0,Home & Kitchen/Kids' Home Store/Kids' Bedding/Bedding Sets & Collections,item_type_keyword:childrens-bedding-collections,See all available refinements,,,
362533011.0,Home & Kitchen/Kids' Home Store/Kids' Bedding/Blankets & Throws,item_type_keyword:childrens-blankets,See all available refinements,,,
10671040011.0,Home & Kitchen/Kids' Home Store/Kids' Bedding/Comforters & Sets,,See all available refinements,,,
16927404011.0,Home & Kitchen/Kids' Home Store/Kids' Bedding/Decorative Pillows & Covers,item_type_keyword:childrens-decorative-pillows,See all available refinements,,,
10671041011.0,Home & Kitchen/Kids' Home Store/Kids' Bedding/Duvet Covers & Sets,,See all available refinements,,,
10671042011.0,Home & Kitchen/Kids' Home Store/Kids' Bedding/Quilts & Sets,,See all available refinements,,,
13750161.0,Home & Kitchen/Kids' Home Store/Kids' Bedding/Sheets & Pillowcases,item_type_keyword:childrens-sheets,See all available refinements,,,
166803011.0,Home & Kitchen/Kids' Home Store/Kids' Flatware,item_type_keyword:baby-eating-utensils,See all available refinements,,,
1063314.0,Home & Kitchen/Kids' Home Store/Kids' Furniture,item_type_keyword:childrens-furniture,See all available refinements,,,
3733371.0,Home & Kitchen/Kids' Home Store/Kids' Furniture/Armoires & Dressers,,See all available refinements,,,
3733361.0,"Home & Kitchen/Kids' Home Store/Kids' Furniture/Bed Frames, Headboards & Footboards",,See all available refinements,,,
14109871.0,Home & Kitchen/Kids' Home Store/Kids' Furniture/Chairs & Seats,item_type_keyword:childrens-chairs,See all available refinements,,,
8529227011.0,Home & Kitchen/Kids' Home Store/Kids' Furniture/Desks & Desk Sets,,See all available refinements,,,
8529229011.0,Home & Kitchen/Kids' Home Store/Kids' Furniture/Tables & Chairs,,See all available refinements,,,
404454011.0,Home & Kitchen/Kids' Home Store/Kids' Room Décor,item_type_keyword:childrens-room-decor,See all available refinements,,,
404455011.0,Home & Kitchen/Kids' Home Store/Kids' Room Décor/Accents,,See all available refinements,,,
16927404011.0,Home & Kitchen/Kids' Home Store/Kids' Room Décor/Accents/Decorative Pillows & Covers,item_type_keyword:childrens-decorative-pillows,See all available refinements,,,
6498203011.0,Home & Kitchen/Kids' Home Store/Kids' Room Décor/Backpacks & Lunch Boxes,,See all available refinements,,,
16927404011.0,Home & Kitchen/Kids' Home Store/Kids' Room Décor/Decorative Pillows,item_type_keyword:childrens-decorative-pillows,See all available refinements,,,
404458011.0,Home & Kitchen/Kids' Home Store/Kids' Room Décor/Wall Décor,item_type_keyword:childrens-wall-decor,See all available refinements,,,
404459011.0,Home & Kitchen/Kids' Home Store/Kids' Room Décor/Window Treatments,item_type_keyword:childrens-window-treatments,See all available refinements,,,
16927409011.0,Home & Kitchen/Kids' Home Store/Kids' Room Décor/Window Treatments/Window Stickers & Films,,See all available refinements,,,
166742011.0,Home & Kitchen/Kids' Home Store/Nursery Bedding,item_type_keyword:nursery-bedding,See all available refinements,,,
24035094011.0,Home & Kitchen/Kids' Home Store/Nursery Bedding/Baby Bedding,,See all available refinements,,,
24035102011.0,Home & Kitchen/Kids' Home Store/Nursery Bedding/Baby Bedding/Bed Skirts,item_type_keyword:nursery-bed-skirts,See all available refinements,,,
24035100011.0,Home & Kitchen/Kids' Home Store/Nursery Bedding/Baby Bedding/Bedding Accessories,,See all available refinements,,,
24035101011.0,Home & Kitchen/Kids' Home Store/Nursery Bedding/Baby Bedding/Bedding Sets,item_type_keyword:nursery-bedding-sets,See all available refinements,,,
24035103011.0,Home & Kitchen/Kids' Home Store/Nursery Bedding/Baby Bedding/Sheets,,See all available refinements,,,
166747011.0,Home & Kitchen/Kids' Home Store/Nursery Bedding/Blankets & Swaddling,item_type_keyword:nursery-blankets,See all available refinements,,,
24035095011.0,Home & Kitchen/Kids' Home Store/Nursery Bedding/Mattress Protection,,See all available refinements,,,
166817011.0,Home & Kitchen/Kids' Home Store/Nursery Bedding/Mattresses,item_type_keyword:nursery-bed-mattresses,See all available refinements,,,
302884011.0,Home & Kitchen/Kids' Home Store/Nursery Bedding/Toddler Bedding,item_type_keyword:toddler-bedding,See all available refinements,,,
24035099011.0,Home & Kitchen/Kids' Home Store/Nursery Bedding/Toddler Bedding/Bedding Accessories,,See all available refinements,,,
16545434011.0,"Home & Kitchen/Kids' Home Store/Nursery Bedding/Toddler Bedding/Duvets, Covers & Sets",item_type_keyword:toddler-duvets-covers-and-sets,See all available refinements,,,
16545438011.0,"Home & Kitchen/Kids' Home Store/Nursery Bedding/Toddler Bedding/Sheets, Pillowcases & Sets",item_type_keyword:toddler-sheets-pillowcases-and-sets,See all available refinements,,,
166875011.0,Home & Kitchen/Kids' Home Store/Nursery Décor,item_type_keyword:nursery-decor-products,See all available refinements,,,
166885011.0,Home & Kitchen/Kids' Home Store/Nursery Décor/Wall Décor,item_type_keyword:nursery-wall-decor,See all available refinements,,,
166886011.0,Home & Kitchen/Kids' Home Store/Nursery Décor/Window Treatments,item_type_keyword:baby-nursery-window-treatments,See all available refinements,,,
16927409011.0,Home & Kitchen/Kids' Home Store/Nursery Décor/Window Treatments/Window Stickers & Films,,See all available refinements,,,
166809011.0,Home & Kitchen/Kids' Home Store/Nursery Furniture,item_type_keyword:nursery-furniture,See all available refinements,,,
11625840011.0,Home & Kitchen/Kids' Home Store/Nursery Furniture/Changing & Dressing,,See all available refinements,,,
166765011.0,Home & Kitchen/Kids' Home Store/Nursery Furniture/Changing & Dressing/Changing Table Pads & Covers,,See all available refinements,,,
23569914011.0,Home & Kitchen/Kids' Home Store/Nursery Furniture/Changing & Dressing/Changing Table Pads & Covers/Pad Liners,item_type_keyword:diaper-changing-pad-liners,See all available refinements,,,
166769011.0,Home & Kitchen/Kids' Home Store/Nursery Furniture/Changing & Dressing/Diaper Stackers & Caddies,,See all available refinements,,,
239222011.0,"Home & Kitchen/Kids' Home Store/Nursery Furniture/Gliders, Ottomans & Rocking Chairs",item_type_keyword:nursery-gliders-ottomans-and-rocking-chairs,See all available refinements,,,
166812011.0,Home & Kitchen/Kids' Home Store/Nursery Furniture/Infant & Toddler Beds,item_type_keyword:infant-and-toddler-beds,See all available refinements,,,
677977011.0,Home & Kitchen/Kids' Home Store/Nursery Furniture/Infant & Toddler Beds/Bassinets,item_type_keyword:bassinets,See all available refinements,,,
21364146011.0,Home & Kitchen/Kids' Home Store/Nursery Furniture/Infant & Toddler Beds/Travel Beds,,,,,
3744921.0,Home & Kitchen/Kids' Home Store/Nursery Furniture/Storage & Organization,item_type_keyword:nursery-storage-and-organization-products,See all available refinements,,,
2528607011.0,Home & Kitchen/Kids' Home Store/Nursery Furniture/Storage & Organization/Toy Chests,item_type_keyword:childrens-chests,See all available refinements,,,
284507.0,Home & Kitchen/Kitchen & Dining,,See all available refinements,,,
289668.0,Home & Kitchen/Kitchen & Dining/Bakeware,item_type_keyword:bakeware,See all available refinements,,,
289671.0,Home & Kitchen/Kitchen & Dining/Bakeware/Bakers & Casseroles,,See all available refinements,,,
289719.0,Home & Kitchen/Kitchen & Dining/Bakeware/Baking Tools & Accessories,,See all available refinements,,,
289720.0,Home & Kitchen/Kitchen & Dining/Bakeware/Baking Tools & Accessories/Baking & Pastry Utensils,,See all available refinements,,,
289675.0,Home & Kitchen/Kitchen & Dining/Bakeware/Bread & Loaf Pans,,See all available refinements,,,
289679.0,Home & Kitchen/Kitchen & Dining/Bakeware/Cake Pans,item_type_keyword:cake-pans,See all available refinements,,,
289684.0,Home & Kitchen/Kitchen & Dining/Bakeware/Cake Pans/Square & Rectangular,,See all available refinements,,,
2231404011.0,Home & Kitchen/Kitchen & Dining/Bakeware/Candy Making Supplies,item_type_keyword:candy-making-supplies,See all available refinements,,,
289727.0,Home & Kitchen/Kitchen & Dining/Bakeware/Decorating Tools,item_type_keyword:food-decorating-tools,See all available refinements,,,
8147481011.0,Home & Kitchen/Kitchen & Dining/Bakeware/Decorating Tools/Edible Printer Ink & Paper,,See all available refinements,,,
2231403011.0,Home & Kitchen/Kitchen & Dining/Bakeware/Decorating Tools/Wrapping & Packaging,item_type_keyword:cake-boxes,See all available refinements,,,
8614937011.0,Home & Kitchen/Kitchen & Dining/Bakeware/Electric Cake Pop & Mini Cake Makers,item_type_keyword:electric-mini-cake-makers,See all available refinements,,,
289714.0,Home & Kitchen/Kitchen & Dining/Bakeware/Pastry & Baking Molds,item_type_keyword:baking-molds,See all available refinements,,,
289701.0,"Home & Kitchen/Kitchen & Dining/Bakeware/Pie, Tart & Quiche Pans",,See all available refinements,,,
383850011.0,Home & Kitchen/Kitchen & Dining/Bakeware/Pizza Pans & Stones,,See all available refinements,,,
289672.0,Home & Kitchen/Kitchen & Dining/Bakeware/Ramekins & Soufflé Dishes,,See all available refinements,,,
915194.0,"Home & Kitchen/Kitchen & Dining/Coffee, Tea & Espresso",,See all available refinements,,,
7083296011.0,"Home & Kitchen/Kitchen & Dining/Coffee, Tea & Espresso/Coffee & Tea",,See all available refinements,,,
16318031.0,"Home & Kitchen/Kitchen & Dining/Coffee, Tea & Espresso/Coffee & Tea/Coffee",item_type_keyword:coffee,See all available refinements,,,
23783759011.0,"Home & Kitchen/Kitchen & Dining/Coffee, Tea & Espresso/Coffee & Tea/Coffee/Whole Coffee Beans",,See all available refinements,,,
16318401.0,"Home & Kitchen/Kitchen & Dining/Coffee, Tea & Espresso/Coffee & Tea/Tea",item_type_keyword:teas,See all available refinements,,,
23853641011.0,"Home & Kitchen/Kitchen & Dining/Coffee, Tea & Espresso/Coffee & Tea/Tea/Fruit & Herbal Tea",item_type_keyword:fruit-and-herbal-teas,See all available refinements,,,
16318471.0,"Home & Kitchen/Kitchen & Dining/Coffee, Tea & Espresso/Coffee & Tea/Tea/Green",item_type_keyword:green-teas,See all available refinements,,,
289750.0,"Home & Kitchen/Kitchen & Dining/Coffee, Tea & Espresso/Coffee Grinders",item_type_keyword:coffee-grinders,See all available refinements,,,
3115648011.0,"Home & Kitchen/Kitchen & Dining/Coffee, Tea & Espresso/Coffee Maker Parts & Accessories",,See all available refinements,,,
289743.0,"Home & Kitchen/Kitchen & Dining/Coffee, Tea & Espresso/Coffee Maker Parts & Accessories/Coffee Machine Accessories",,See all available refinements,,,
14042401.0,"Home & Kitchen/Kitchen & Dining/Coffee, Tea & Espresso/Coffee Maker Parts & Accessories/Coffee Machine Accessories/Coffee Filters",item_type_keyword:coffee-filters,See all available refinements,,,
12560614011.0,"Home & Kitchen/Kitchen & Dining/Coffee, Tea & Espresso/Coffee Maker Parts & Accessories/Coffee Machine Accessories/Coffee Pod Holders",item_type_keyword:coffee-pod-holders,See all available refinements,,,
1261207011.0,"Home & Kitchen/Kitchen & Dining/Coffee, Tea & Espresso/Coffee Maker Parts & Accessories/Espresso Machine Accessories",item_type_keyword:espresso-machine-accessories,See all available refinements,,,
7740213011.0,"Home & Kitchen/Kitchen & Dining/Coffee, Tea & Espresso/Coffee Makers",,See all available refinements,,,
289748.0,"Home & Kitchen/Kitchen & Dining/Coffee, Tea & Espresso/Espresso Machines",item_type_keyword:espresso-machines,See all available refinements,,,
19309415011.0,"Home & Kitchen/Kitchen & Dining/Coffee, Tea & Espresso/Kettles & Tea Machines",,See all available refinements,,,
3118170011.0,"Home & Kitchen/Kitchen & Dining/Coffee, Tea & Espresso/Tea Accessories",,See all available refinements,,,
23501660011.0,"Home & Kitchen/Kitchen & Dining/Coffee, Tea & Espresso/Tea Accessories/Japanese Tea Ceremony Utensils",,See all available refinements,,,
3737181.0,"Home & Kitchen/Kitchen & Dining/Coffee, Tea & Espresso/Tea Accessories/Tea Strainers & Filters",item_type_keyword:tea-strainers,See all available refinements,,,
289814.0,Home & Kitchen/Kitchen & Dining/Cookware,item_type_keyword:cookware,See all available refinements,,,
2237238011.0,Home & Kitchen/Kitchen & Dining/Cookware/Canning,item_type_keyword:canning-products,See all available refinements,,,
289671.0,Home & Kitchen/Kitchen & Dining/Cookware/Casseroles & Bakers,,See all available refinements,,,
3737201.0,Home & Kitchen/Kitchen & Dining/Cookware/Cookware Accessories,item_type_keyword:cookware-accessories,See all available refinements,,,
6054383011.0,Home & Kitchen/Kitchen & Dining/Cookware/Disposable Cookware,item_type_keyword:industrial-disposable-cookware,See all available refinements,,,
289820.0,Home & Kitchen/Kitchen & Dining/Cookware/Fondue,,See all available refinements,,,
19343857011.0,Home & Kitchen/Kitchen & Dining/Cookware/Pots & Pans,,See all available refinements,,,
289830.0,Home & Kitchen/Kitchen & Dining/Cookware/Specialty Cookware,,See all available refinements,,,
13162311.0,Home & Kitchen/Kitchen & Dining/Dining & Entertaining,,See all available refinements,,,
289728.0,Home & Kitchen/Kitchen & Dining/Dining & Entertaining/Bar Tools & Drinkware,item_type_keyword:barware,See all available refinements,,,
17867731011.0,Home & Kitchen/Kitchen & Dining/Dining & Entertaining/Bar Tools & Drinkware/Bar Tools,,See all available refinements,,,
289735.0,Home & Kitchen/Kitchen & Dining/Dining & Entertaining/Bar Tools & Drinkware/Bar Tools/Ice Buckets & Tongs,,See all available refinements,,,
289737.0,Home & Kitchen/Kitchen & Dining/Dining & Entertaining/Bar Tools & Drinkware/Bar Tools/Wine Stoppers & Pourers,,See all available refinements,,,
17867732011.0,Home & Kitchen/Kitchen & Dining/Dining & Entertaining/Bar Tools & Drinkware/Cocktail Drinkware,,See all available refinements,,,
17867735011.0,Home & Kitchen/Kitchen & Dining/Dining & Entertaining/Bar Tools & Drinkware/Liqueur & Spirits Glasses,,See all available refinements,,,
367165011.0,Home & Kitchen/Kitchen & Dining/Dining & Entertaining/Dinnerware & Serveware,item_type_keyword:serveware,See all available refinements,,,
367170011.0,Home & Kitchen/Kitchen & Dining/Dining & Entertaining/Dinnerware & Serveware/Cream & Sugar,,See all available refinements,,,
17913622011.0,Home & Kitchen/Kitchen & Dining/Dining & Entertaining/Dinnerware & Serveware/Dinnerware,,See all available refinements,,,
367107011.0,Home & Kitchen/Kitchen & Dining/Dining & Entertaining/Dinnerware & Serveware/Dinnerware/Bowls,item_type_keyword:bowls,See all available refinements,,,
376929011.0,Home & Kitchen/Kitchen & Dining/Dining & Entertaining/Dinnerware & Serveware/Dinnerware/Bowls/Cereal Bowls,item_type_keyword:cereal-bowls,See all available refinements,,,
376930011.0,Home & Kitchen/Kitchen & Dining/Dining & Entertaining/Dinnerware & Serveware/Dinnerware/Bowls/Soup Bowls,item_type_keyword:soup-bowls,See all available refinements,,,
367113011.0,Home & Kitchen/Kitchen & Dining/Dining & Entertaining/Dinnerware & Serveware/Dinnerware/Bowls/Soup Bowls/Cream Soup Bowls,item_type_keyword:cream-soup-bowls,See all available refinements,,,
367147011.0,Home & Kitchen/Kitchen & Dining/Dining & Entertaining/Dinnerware & Serveware/Dinnerware/Plates,item_type_keyword:plates,See all available refinements,,,
376931011.0,Home & Kitchen/Kitchen & Dining/Dining & Entertaining/Dinnerware & Serveware/Dinnerware/Plates/Specialty Plates,,See all available refinements,,,
367125011.0,"Home & Kitchen/Kitchen & Dining/Dining & Entertaining/Dinnerware & Serveware/Dinnerware/Teacups, Mugs & Saucers",item_type_keyword:drinkware-cups,See all available refinements,,,
23593202011.0,Home & Kitchen/Kitchen & Dining/Dining & Entertaining/Dinnerware & Serveware/Serveware,,See all available refinements,,,
9298959011.0,Home & Kitchen/Kitchen & Dining/Dining & Entertaining/Dinnerware & Serveware/Serveware/Beverage Serveware,,See all available refinements,,,
24218397011.0,Home & Kitchen/Kitchen & Dining/Dining & Entertaining/Dinnerware & Serveware/Serveware/Servers,,See all available refinements,,,
367187011.0,Home & Kitchen/Kitchen & Dining/Dining & Entertaining/Dinnerware & Serveware/Serveware/Serving Bowls & Tureens,item_type_keyword:serving-bowls,See all available refinements,,,
367201011.0,"Home & Kitchen/Kitchen & Dining/Dining & Entertaining/Dinnerware & Serveware/Serveware/Serving Dishes, Trays & Platters",,See all available refinements,,,
367210011.0,"Home & Kitchen/Kitchen & Dining/Dining & Entertaining/Dinnerware & Serveware/Serveware/Serving Dishes, Trays & Platters/Divided Dishes, Trays & Platters",item_type_keyword:divided-serving-trays,See all available refinements,,,
367304011.0,Home & Kitchen/Kitchen & Dining/Dining & Entertaining/Dinnerware & Serveware/Serveware/Serving Forks,item_type_keyword:flatware-serving-forks,See all available refinements,,,
367305011.0,Home & Kitchen/Kitchen & Dining/Dining & Entertaining/Dinnerware & Serveware/Serveware/Serving Spoons,item_type_keyword:flatware-serving-spoons,See all available refinements,,,
9298956011.0,Home & Kitchen/Kitchen & Dining/Dining & Entertaining/Dinnerware & Serveware/Serveware/Tongs,item_type_keyword:flatware-serving-tongs,See all available refinements,,,
367220011.0,Home & Kitchen/Kitchen & Dining/Dining & Entertaining/Dinnerware & Serveware/Teapots & Coffee Servers,,See all available refinements,,,
13218891.0,Home & Kitchen/Kitchen & Dining/Dining & Entertaining/Flatware,item_type_keyword:flatware,See all available refinements,,,
166803011.0,Home & Kitchen/Kitchen & Dining/Dining & Entertaining/Flatware/Children's Flatware,item_type_keyword:baby-eating-utensils,See all available refinements,,,
23873722011.0,Home & Kitchen/Kitchen & Dining/Dining & Entertaining/Flatware/Chopstick & Cutlery Rests,,See all available refinements,,,
367232011.0,Home & Kitchen/Kitchen & Dining/Dining & Entertaining/Flatware/Flatware Sets,item_type_keyword:flatware-sets,See all available refinements,,,
367233011.0,Home & Kitchen/Kitchen & Dining/Dining & Entertaining/Flatware/Forks,item_type_keyword:flatware-forks,See all available refinements,,,
367304011.0,Home & Kitchen/Kitchen & Dining/Dining & Entertaining/Flatware/Forks/Serving Forks,item_type_keyword:flatware-serving-forks,See all available refinements,,,
643693011.0,Home & Kitchen/Kitchen & Dining/Dining & Entertaining/Flatware/Forks/Specialty Forks,item_type_keyword:flatware-specialty-forks,See all available refinements,,,
761360.0,Home & Kitchen/Kitchen & Dining/Dining & Entertaining/Flatware/Grapefruit Utensils,,See all available refinements,,,
367249011.0,Home & Kitchen/Kitchen & Dining/Dining & Entertaining/Flatware/Knives,item_type_keyword:flatware-knives,See all available refinements,,,
24218397011.0,Home & Kitchen/Kitchen & Dining/Dining & Entertaining/Flatware/Servers,,See all available refinements,,,
367259011.0,Home & Kitchen/Kitchen & Dining/Dining & Entertaining/Flatware/Serving Utensils,item_type_keyword:flatware-serving-utensils,See all available refinements,,,
643697011.0,Home & Kitchen/Kitchen & Dining/Dining & Entertaining/Flatware/Serving Utensils/Ladles,item_type_keyword:flatware-ladles,See all available refinements,,,
9298956011.0,Home & Kitchen/Kitchen & Dining/Dining & Entertaining/Flatware/Serving Utensils/Tongs,item_type_keyword:flatware-serving-tongs,See all available refinements,,,
367312011.0,Home & Kitchen/Kitchen & Dining/Dining & Entertaining/Flatware/Spoons,item_type_keyword:flatware-spoons,See all available refinements,,,
367305011.0,Home & Kitchen/Kitchen & Dining/Dining & Entertaining/Flatware/Spoons/Serving Spoons,item_type_keyword:flatware-serving-spoons,See all available refinements,,,
643695011.0,Home & Kitchen/Kitchen & Dining/Dining & Entertaining/Flatware/Spoons/Specialty Spoons,item_type_keyword:flatware-specialty-spoons,See all available refinements,,,
13217501.0,Home & Kitchen/Kitchen & Dining/Dining & Entertaining/Glassware & Drinkware,item_type_keyword:drinkware,See all available refinements,,,
17867732011.0,Home & Kitchen/Kitchen & Dining/Dining & Entertaining/Glassware & Drinkware/Cocktail Drinkware,,See all available refinements,,,
367125011.0,"Home & Kitchen/Kitchen & Dining/Dining & Entertaining/Glassware & Drinkware/Cups, Mugs, & Saucers",item_type_keyword:drinkware-cups,See all available refinements,,,
13217541.0,Home & Kitchen/Kitchen & Dining/Dining & Entertaining/Glassware & Drinkware/Dinner & Dessert Dishes,,See all available refinements,,,
17867735011.0,Home & Kitchen/Kitchen & Dining/Dining & Entertaining/Glassware & Drinkware/Liqueur & Spirits Glasses,,See all available refinements,,,
16861787011.0,Home & Kitchen/Kitchen & Dining/Dining & Entertaining/Glassware & Drinkware/Wine & Champagne Glasses,,See all available refinements,,,
9298963011.0,Home & Kitchen/Kitchen & Dining/Dining & Entertaining/Novelty,,See all available refinements,,,
9298966011.0,Home & Kitchen/Kitchen & Dining/Dining & Entertaining/Novelty/Drinkware,,See all available refinements,,,
3194593011.0,Home & Kitchen/Kitchen & Dining/Dining & Entertaining/Tabletop Accessories,,See all available refinements,,,
1063916.0,Home & Kitchen/Kitchen & Dining/Dining & Entertaining/Tabletop Accessories/Linens,item_type_keyword:kitchen-linens,See all available refinements,,,
3741971.0,Home & Kitchen/Kitchen & Dining/Dining & Entertaining/Tabletop Accessories/Linens/Accessories,item_type_keyword:kitchen-linen-accessories,See all available refinements,,,
13468941.0,Home & Kitchen/Kitchen & Dining/Dining & Entertaining/Tabletop Accessories/Linens/Accessories/Place Cards & Place Card Holders,,See all available refinements,,,
6054384011.0,Home & Kitchen/Kitchen & Dining/Dining & Entertaining/Tabletop Accessories/Linens/Disposable Table Covers,item_type_keyword:disposable-table-covers,See all available refinements,,,
3742011.0,Home & Kitchen/Kitchen & Dining/Dining & Entertaining/Tabletop Accessories/Linens/Potholders & Oven Mitts,,See all available refinements,,,
6054382011.0,Home & Kitchen/Kitchen & Dining/Food Service Equipment & Supplies,item_type_keyword:commercial-food-service-equipment,See all available refinements,,,
5315091011.0,Home & Kitchen/Kitchen & Dining/Food Service Equipment & Supplies/Concession & Vending Equipment,item_type_keyword:concession-and-vending-equipment,See all available refinements,,,
18098916011.0,Home & Kitchen/Kitchen & Dining/Food Service Equipment & Supplies/Concession & Vending Equipment/Concession Food Preparation Equipment,,See all available refinements,,,
18098920011.0,Home & Kitchen/Kitchen & Dining/Food Service Equipment & Supplies/Concession & Vending Equipment/Frozen Concessions Equipment & Supplies,,See all available refinements,,,
18581175011.0,Home & Kitchen/Kitchen & Dining/Food Service Equipment & Supplies/Concession & Vending Equipment/Vending Machines & Parts,,See all available refinements,,,
18581176011.0,Home & Kitchen/Kitchen & Dining/Food Service Equipment & Supplies/Concession & Vending Equipment/Vending Machines & Parts/Replacement Parts,item_type_keyword:commercial-vending-machine-replacement-parts,See all available refinements,,,
18098901011.0,"Home & Kitchen/Kitchen & Dining/Food Service Equipment & Supplies/Cookware, Bakeware & Tools",,See all available refinements,,,
23944789011.0,"Home & Kitchen/Kitchen & Dining/Food Service Equipment & Supplies/Cookware, Bakeware & Tools/Kitchen Knives",,See all available refinements,,,
289852.0,"Home & Kitchen/Kitchen & Dining/Food Service Equipment & Supplies/Cookware, Bakeware & Tools/Kitchen Knives/Asian Knives",item_type_keyword:asian-knives,See all available refinements,,,
289858.0,"Home & Kitchen/Kitchen & Dining/Food Service Equipment & Supplies/Cookware, Bakeware & Tools/Kitchen Knives/Cleavers",item_type_keyword:cleavers,See all available refinements,,,
289862.0,"Home & Kitchen/Kitchen & Dining/Food Service Equipment & Supplies/Cookware, Bakeware & Tools/Kitchen Knives/Specialty Knives",,See all available refinements,,,
5298059011.0,Home & Kitchen/Kitchen & Dining/Food Service Equipment & Supplies/Displayware & Signage,item_type_keyword:commercial-display-products,See all available refinements,,,
5298060011.0,Home & Kitchen/Kitchen & Dining/Food Service Equipment & Supplies/Displayware & Signage/Displayware,item_type_keyword:commercial-displayware,See all available refinements,,,
23566300011.0,Home & Kitchen/Kitchen & Dining/Food Service Equipment & Supplies/Displayware & Signage/Displayware/Display Counters,item_type_keyword:commercial-display-counters,See all available refinements,,,
5298068011.0,Home & Kitchen/Kitchen & Dining/Food Service Equipment & Supplies/Displayware & Signage/Signage,item_type_keyword:commercial-signage,See all available refinements,,,
5298069011.0,Home & Kitchen/Kitchen & Dining/Food Service Equipment & Supplies/Displayware & Signage/Signage/Outdoor Signs,item_type_keyword:commercial-outdoor-signs,See all available refinements,,,
6134197011.0,Home & Kitchen/Kitchen & Dining/Food Service Equipment & Supplies/Disposables,item_type_keyword:food-service-disposables,See all available refinements,,,
5016430011.0,Home & Kitchen/Kitchen & Dining/Food Service Equipment & Supplies/Disposables/Apparel,item_type_keyword:disposable-apparel,See all available refinements,,,
6054383011.0,Home & Kitchen/Kitchen & Dining/Food Service Equipment & Supplies/Disposables/Cookware,item_type_keyword:industrial-disposable-cookware,See all available refinements,,,
15343011.0,Home & Kitchen/Kitchen & Dining/Food Service Equipment & Supplies/Disposables/Cups & Straws,item_type_keyword:disposable-drinkware,See all available refinements,,,
15342991.0,Home & Kitchen/Kitchen & Dining/Food Service Equipment & Supplies/Disposables/Plates & Cutlery,,See all available refinements,,,
5016465011.0,Home & Kitchen/Kitchen & Dining/Food Service Equipment & Supplies/Disposables/Take Out Containers,item_type_keyword:take-out-containers,See all available refinements,,,
6054389011.0,Home & Kitchen/Kitchen & Dining/Food Service Equipment & Supplies/Furniture,item_type_keyword:restaurant-furniture,See all available refinements,,,
18098912011.0,Home & Kitchen/Kitchen & Dining/Food Service Equipment & Supplies/Furniture/Seating & Booths,,See all available refinements,,,
5314946011.0,Home & Kitchen/Kitchen & Dining/Food Service Equipment & Supplies/Furniture/Tables & Table Parts,,See all available refinements,,,
18098890011.0,Home & Kitchen/Kitchen & Dining/Food Service Equipment & Supplies/Restaurant Appliances & Equipment,,See all available refinements,,,
18098891011.0,Home & Kitchen/Kitchen & Dining/Food Service Equipment & Supplies/Restaurant Appliances & Equipment/Commercial Beverage Equipment,,See all available refinements,,,
6054385011.0,Home & Kitchen/Kitchen & Dining/Food Service Equipment & Supplies/Restaurant Appliances & Equipment/Commercial Cooking Equipment,item_type_keyword:commercial-cooking-equipment,See all available refinements,,,
5315092011.0,Home & Kitchen/Kitchen & Dining/Food Service Equipment & Supplies/Restaurant Appliances & Equipment/Commercial Dishwashers & Dishwashing Equipment,item_type_keyword:commercial-dishwashing-equipment,See all available refinements,,,
6054386011.0,Home & Kitchen/Kitchen & Dining/Food Service Equipment & Supplies/Restaurant Appliances & Equipment/Commercial Food Preparation Equipment,item_type_keyword:commercial-food-preparation-equipment,See all available refinements,,,
5315111011.0,Home & Kitchen/Kitchen & Dining/Food Service Equipment & Supplies/Restaurant Appliances & Equipment/Commercial Food Preparation Equipment/Commercial Food Packaging Equipment,item_type_keyword:commercial-food-packaging-equipment,See all available refinements,,,
18098916011.0,Home & Kitchen/Kitchen & Dining/Food Service Equipment & Supplies/Restaurant Appliances & Equipment/Commercial Food Preparation Equipment/Concession Food Preparation Equipment,,See all available refinements,,,
6054387011.0,Home & Kitchen/Kitchen & Dining/Food Service Equipment & Supplies/Restaurant Appliances & Equipment/Commercial Refrigerators & Refrigeration Equipment,,See all available refinements,,,
5315132011.0,Home & Kitchen/Kitchen & Dining/Food Service Equipment & Supplies/Restaurant Appliances & Equipment/Commercial Worktables & Workstations,item_type_keyword:commercial-work-tables,See all available refinements,,,
18098899011.0,Home & Kitchen/Kitchen & Dining/Food Service Equipment & Supplies/Restaurant Appliances & Equipment/Food Holding & Warming Equipment,,See all available refinements,,,
18098914011.0,Home & Kitchen/Kitchen & Dining/Food Service Equipment & Supplies/Storage & Transport,,See all available refinements,,,
5298299011.0,Home & Kitchen/Kitchen & Dining/Food Service Equipment & Supplies/Storage & Transport/Food & Dish Transport,item_type_keyword:food-service-transport-products,See all available refinements,,,
6054392011.0,Home & Kitchen/Kitchen & Dining/Food Service Equipment & Supplies/Storage & Transport/Shelves & Racks,item_type_keyword:food-service-racks,See all available refinements,,,
18098905011.0,Home & Kitchen/Kitchen & Dining/Food Service Equipment & Supplies/Tabletop & Serveware,,See all available refinements,,,
5315063011.0,Home & Kitchen/Kitchen & Dining/Food Service Equipment & Supplies/Tabletop & Serveware/Bar Equipment,item_type_keyword:commercial-bar-equipment,See all available refinements,,,
5315065011.0,Home & Kitchen/Kitchen & Dining/Food Service Equipment & Supplies/Tabletop & Serveware/Bar Equipment/Bar Refrigeration,item_type_keyword:commercial-bar-refrigeration-equipment,See all available refinements,,,
760384.0,Home & Kitchen/Kitchen & Dining/Food Service Equipment & Supplies/Tabletop & Serveware/Bar Equipment/Bar Tools & Glasses,,See all available refinements,,,
289734.0,Home & Kitchen/Kitchen & Dining/Food Service Equipment & Supplies/Tabletop & Serveware/Bar Equipment/Bar Tools & Glasses/Corkscrews & Openers,item_type_keyword:corkscrews,See all available refinements,,,
289735.0,Home & Kitchen/Kitchen & Dining/Food Service Equipment & Supplies/Tabletop & Serveware/Bar Equipment/Bar Tools & Glasses/Ice Buckets & Tongs,,See all available refinements,,,
289737.0,Home & Kitchen/Kitchen & Dining/Food Service Equipment & Supplies/Tabletop & Serveware/Bar Equipment/Bar Tools & Glasses/Wine Stoppers & Pourers,,See all available refinements,,,
9298959011.0,Home & Kitchen/Kitchen & Dining/Food Service Equipment & Supplies/Tabletop & Serveware/Beverage Serveware,,See all available refinements,,,
18098907011.0,Home & Kitchen/Kitchen & Dining/Food Service Equipment & Supplies/Tabletop & Serveware/Condiment Holders & Dispensers,,See all available refinements,,,
289802.0,Home & Kitchen/Kitchen & Dining/Food Service Equipment & Supplies/Tabletop & Serveware/Condiment Holders & Dispensers/Salt & Pepper,,See all available refinements,,,
17913622011.0,Home & Kitchen/Kitchen & Dining/Food Service Equipment & Supplies/Tabletop & Serveware/Dinnerware,,See all available refinements,,,
367107011.0,Home & Kitchen/Kitchen & Dining/Food Service Equipment & Supplies/Tabletop & Serveware/Dinnerware/Bowls,item_type_keyword:bowls,See all available refinements,,,
376929011.0,Home & Kitchen/Kitchen & Dining/Food Service Equipment & Supplies/Tabletop & Serveware/Dinnerware/Bowls/Cereal Bowls,item_type_keyword:cereal-bowls,See all available refinements,,,
376930011.0,Home & Kitchen/Kitchen & Dining/Food Service Equipment & Supplies/Tabletop & Serveware/Dinnerware/Bowls/Soup Bowls,item_type_keyword:soup-bowls,See all available refinements,,,
367113011.0,Home & Kitchen/Kitchen & Dining/Food Service Equipment & Supplies/Tabletop & Serveware/Dinnerware/Bowls/Soup Bowls/Cream Soup Bowls,item_type_keyword:cream-soup-bowls,See all available refinements,,,
367147011.0,Home & Kitchen/Kitchen & Dining/Food Service Equipment & Supplies/Tabletop & Serveware/Dinnerware/Plates,item_type_keyword:plates,See all available refinements,,,
376931011.0,Home & Kitchen/Kitchen & Dining/Food Service Equipment & Supplies/Tabletop & Serveware/Dinnerware/Plates/Specialty Plates,,See all available refinements,,,
367125011.0,"Home & Kitchen/Kitchen & Dining/Food Service Equipment & Supplies/Tabletop & Serveware/Dinnerware/Teacups, Mugs & Saucers",item_type_keyword:drinkware-cups,See all available refinements,,,
13218891.0,Home & Kitchen/Kitchen & Dining/Food Service Equipment & Supplies/Tabletop & Serveware/Flatware,item_type_keyword:flatware,See all available refinements,,,
166803011.0,Home & Kitchen/Kitchen & Dining/Food Service Equipment & Supplies/Tabletop & Serveware/Flatware/Children's Flatware,item_type_keyword:baby-eating-utensils,See all available refinements,,,
23873722011.0,Home & Kitchen/Kitchen & Dining/Food Service Equipment & Supplies/Tabletop & Serveware/Flatware/Chopstick & Cutlery Rests,,See all available refinements,,,
367232011.0,Home & Kitchen/Kitchen & Dining/Food Service Equipment & Supplies/Tabletop & Serveware/Flatware/Flatware Sets,item_type_keyword:flatware-sets,See all available refinements,,,
367233011.0,Home & Kitchen/Kitchen & Dining/Food Service Equipment & Supplies/Tabletop & Serveware/Flatware/Forks,item_type_keyword:flatware-forks,See all available refinements,,,
367304011.0,Home & Kitchen/Kitchen & Dining/Food Service Equipment & Supplies/Tabletop & Serveware/Flatware/Forks/Serving Forks,item_type_keyword:flatware-serving-forks,See all available refinements,,,
643693011.0,Home & Kitchen/Kitchen & Dining/Food Service Equipment & Supplies/Tabletop & Serveware/Flatware/Forks/Specialty Forks,item_type_keyword:flatware-specialty-forks,See all available refinements,,,
761360.0,Home & Kitchen/Kitchen & Dining/Food Service Equipment & Supplies/Tabletop & Serveware/Flatware/Grapefruit Utensils,,See all available refinements,,,
367249011.0,Home & Kitchen/Kitchen & Dining/Food Service Equipment & Supplies/Tabletop & Serveware/Flatware/Knives,item_type_keyword:flatware-knives,See all available refinements,,,
24218397011.0,Home & Kitchen/Kitchen & Dining/Food Service Equipment & Supplies/Tabletop & Serveware/Flatware/Servers,,See all available refinements,,,
367259011.0,Home & Kitchen/Kitchen & Dining/Food Service Equipment & Supplies/Tabletop & Serveware/Flatware/Serving Utensils,item_type_keyword:flatware-serving-utensils,See all available refinements,,,
643697011.0,Home & Kitchen/Kitchen & Dining/Food Service Equipment & Supplies/Tabletop & Serveware/Flatware/Serving Utensils/Ladles,item_type_keyword:flatware-ladles,See all available refinements,,,
9298956011.0,Home & Kitchen/Kitchen & Dining/Food Service Equipment & Supplies/Tabletop & Serveware/Flatware/Serving Utensils/Tongs,item_type_keyword:flatware-serving-tongs,See all available refinements,,,
367312011.0,Home & Kitchen/Kitchen & Dining/Food Service Equipment & Supplies/Tabletop & Serveware/Flatware/Spoons,item_type_keyword:flatware-spoons,See all available refinements,,,
367305011.0,Home & Kitchen/Kitchen & Dining/Food Service Equipment & Supplies/Tabletop & Serveware/Flatware/Spoons/Serving Spoons,item_type_keyword:flatware-serving-spoons,See all available refinements,,,
643695011.0,Home & Kitchen/Kitchen & Dining/Food Service Equipment & Supplies/Tabletop & Serveware/Flatware/Spoons/Specialty Spoons,item_type_keyword:flatware-specialty-spoons,See all available refinements,,,
13217501.0,Home & Kitchen/Kitchen & Dining/Food Service Equipment & Supplies/Tabletop & Serveware/Glassware & Drinkware,item_type_keyword:drinkware,See all available refinements,,,
17867732011.0,Home & Kitchen/Kitchen & Dining/Food Service Equipment & Supplies/Tabletop & Serveware/Glassware & Drinkware/Cocktail Drinkware,,See all available refinements,,,
367125011.0,"Home & Kitchen/Kitchen & Dining/Food Service Equipment & Supplies/Tabletop & Serveware/Glassware & Drinkware/Cups, Mugs, & Saucers",item_type_keyword:drinkware-cups,See all available refinements,,,
13217541.0,Home & Kitchen/Kitchen & Dining/Food Service Equipment & Supplies/Tabletop & Serveware/Glassware & Drinkware/Dinner & Dessert Dishes,,See all available refinements,,,
17867735011.0,Home & Kitchen/Kitchen & Dining/Food Service Equipment & Supplies/Tabletop & Serveware/Glassware & Drinkware/Liqueur & Spirits Glasses,,See all available refinements,,,
16861787011.0,Home & Kitchen/Kitchen & Dining/Food Service Equipment & Supplies/Tabletop & Serveware/Glassware & Drinkware/Wine & Champagne Glasses,,See all available refinements,,,
1063916.0,Home & Kitchen/Kitchen & Dining/Food Service Equipment & Supplies/Tabletop & Serveware/Kitchen Linens,item_type_keyword:kitchen-linens,See all available refinements,,,
3741971.0,Home & Kitchen/Kitchen & Dining/Food Service Equipment & Supplies/Tabletop & Serveware/Kitchen Linens/Accessories,item_type_keyword:kitchen-linen-accessories,See all available refinements,,,
13468941.0,Home & Kitchen/Kitchen & Dining/Food Service Equipment & Supplies/Tabletop & Serveware/Kitchen Linens/Accessories/Place Cards & Place Card Holders,,See all available refinements,,,
6054384011.0,Home & Kitchen/Kitchen & Dining/Food Service Equipment & Supplies/Tabletop & Serveware/Kitchen Linens/Disposable Table Covers,item_type_keyword:disposable-table-covers,See all available refinements,,,
3742011.0,Home & Kitchen/Kitchen & Dining/Food Service Equipment & Supplies/Tabletop & Serveware/Kitchen Linens/Potholders & Oven Mitts,,See all available refinements,,,
18098909011.0,Home & Kitchen/Kitchen & Dining/Food Service Equipment & Supplies/Tabletop & Serveware/Linen & Table Accessories,,See all available refinements,,,
18098910011.0,Home & Kitchen/Kitchen & Dining/Food Service Equipment & Supplies/Tabletop & Serveware/Linen & Table Accessories/Tabletop Accessories,,See all available refinements,,,
6054395011.0,"Home & Kitchen/Kitchen & Dining/Food Service Equipment & Supplies/Tabletop & Serveware/Menu, Order & Reservation Supplies",,See all available refinements,,,
367165011.0,Home & Kitchen/Kitchen & Dining/Food Service Equipment & Supplies/Tabletop & Serveware/Serveware & Accessories,item_type_keyword:serveware,See all available refinements,,,
367170011.0,Home & Kitchen/Kitchen & Dining/Food Service Equipment & Supplies/Tabletop & Serveware/Serveware & Accessories/Cream & Sugar,,See all available refinements,,,
17913622011.0,Home & Kitchen/Kitchen & Dining/Food Service Equipment & Supplies/Tabletop & Serveware/Serveware & Accessories/Dinnerware,,See all available refinements,,,
367107011.0,Home & Kitchen/Kitchen & Dining/Food Service Equipment & Supplies/Tabletop & Serveware/Serveware & Accessories/Dinnerware/Bowls,item_type_keyword:bowls,See all available refinements,,,
376929011.0,Home & Kitchen/Kitchen & Dining/Food Service Equipment & Supplies/Tabletop & Serveware/Serveware & Accessories/Dinnerware/Bowls/Cereal Bowls,item_type_keyword:cereal-bowls,See all available refinements,,,
376930011.0,Home & Kitchen/Kitchen & Dining/Food Service Equipment & Supplies/Tabletop & Serveware/Serveware & Accessories/Dinnerware/Bowls/Soup Bowls,item_type_keyword:soup-bowls,See all available refinements,,,
367113011.0,Home & Kitchen/Kitchen & Dining/Food Service Equipment & Supplies/Tabletop & Serveware/Serveware & Accessories/Dinnerware/Bowls/Soup Bowls/Cream Soup Bowls,item_type_keyword:cream-soup-bowls,See all available refinements,,,
367147011.0,Home & Kitchen/Kitchen & Dining/Food Service Equipment & Supplies/Tabletop & Serveware/Serveware & Accessories/Dinnerware/Plates,item_type_keyword:plates,See all available refinements,,,
376931011.0,Home & Kitchen/Kitchen & Dining/Food Service Equipment & Supplies/Tabletop & Serveware/Serveware & Accessories/Dinnerware/Plates/Specialty Plates,,See all available refinements,,,
367125011.0,"Home & Kitchen/Kitchen & Dining/Food Service Equipment & Supplies/Tabletop & Serveware/Serveware & Accessories/Dinnerware/Teacups, Mugs & Saucers",item_type_keyword:drinkware-cups,See all available refinements,,,
23593202011.0,Home & Kitchen/Kitchen & Dining/Food Service Equipment & Supplies/Tabletop & Serveware/Serveware & Accessories/Serveware,,See all available refinements,,,
9298959011.0,Home & Kitchen/Kitchen & Dining/Food Service Equipment & Supplies/Tabletop & Serveware/Serveware & Accessories/Serveware/Beverage Serveware,,See all available refinements,,,
24218397011.0,Home & Kitchen/Kitchen & Dining/Food Service Equipment & Supplies/Tabletop & Serveware/Serveware & Accessories/Serveware/Servers,,See all available refinements,,,
367187011.0,Home & Kitchen/Kitchen & Dining/Food Service Equipment & Supplies/Tabletop & Serveware/Serveware & Accessories/Serveware/Serving Bowls & Tureens,item_type_keyword:serving-bowls,See all available refinements,,,
367201011.0,"Home & Kitchen/Kitchen & Dining/Food Service Equipment & Supplies/Tabletop & Serveware/Serveware & Accessories/Serveware/Serving Dishes, Trays & Platters",,See all available refinements,,,
367210011.0,"Home & Kitchen/Kitchen & Dining/Food Service Equipment & Supplies/Tabletop & Serveware/Serveware & Accessories/Serveware/Serving Dishes, Trays & Platters/Divided Dishes, Trays & Platters",item_type_keyword:divided-serving-trays,See all available refinements,,,
367304011.0,Home & Kitchen/Kitchen & Dining/Food Service Equipment & Supplies/Tabletop & Serveware/Serveware & Accessories/Serveware/Serving Forks,item_type_keyword:flatware-serving-forks,See all available refinements,,,
367305011.0,Home & Kitchen/Kitchen & Dining/Food Service Equipment & Supplies/Tabletop & Serveware/Serveware & Accessories/Serveware/Serving Spoons,item_type_keyword:flatware-serving-spoons,See all available refinements,,,
9298956011.0,Home & Kitchen/Kitchen & Dining/Food Service Equipment & Supplies/Tabletop & Serveware/Serveware & Accessories/Serveware/Tongs,item_type_keyword:flatware-serving-tongs,See all available refinements,,,
367220011.0,Home & Kitchen/Kitchen & Dining/Food Service Equipment & Supplies/Tabletop & Serveware/Serveware & Accessories/Teapots & Coffee Servers,,See all available refinements,,,
979832011.0,Home & Kitchen/Kitchen & Dining/Home Brewing & Wine Making,item_type_keyword:home-brewing-and-wine-making-equipment,See all available refinements,,,
979833011.0,Home & Kitchen/Kitchen & Dining/Home Brewing & Wine Making/Beer Brewing,item_type_keyword:beer-brewing-equipment,See all available refinements,,,
979846011.0,Home & Kitchen/Kitchen & Dining/Home Brewing & Wine Making/Fermentation & More,item_type_keyword:brewing-and-venting-fermentation-equipment,See all available refinements,,,
2252009011.0,Home & Kitchen/Kitchen & Dining/Home Brewing & Wine Making/Measuring & Testing,,See all available refinements,,,
979854011.0,Home & Kitchen/Kitchen & Dining/Home Brewing & Wine Making/Wine Making,item_type_keyword:wine-making-equipment,See all available refinements,,,
1063916.0,Home & Kitchen/Kitchen & Dining/Kitchen & Table Linens,item_type_keyword:kitchen-linens,See all available refinements,,,
3741971.0,Home & Kitchen/Kitchen & Dining/Kitchen & Table Linens/Accessories,item_type_keyword:kitchen-linen-accessories,See all available refinements,,,
13468941.0,Home & Kitchen/Kitchen & Dining/Kitchen & Table Linens/Accessories/Place Cards & Place Card Holders,,See all available refinements,,,
6054384011.0,Home & Kitchen/Kitchen & Dining/Kitchen & Table Linens/Disposable Table Covers,item_type_keyword:disposable-table-covers,See all available refinements,,,
3742011.0,Home & Kitchen/Kitchen & Dining/Kitchen & Table Linens/Potholders & Oven Mitts,,See all available refinements,,,
289754.0,Home & Kitchen/Kitchen & Dining/Kitchen Utensils & Gadgets,,See all available refinements,,,
289719.0,Home & Kitchen/Kitchen & Dining/Kitchen Utensils & Gadgets/Baking Tools,,See all available refinements,,,
289720.0,Home & Kitchen/Kitchen & Dining/Kitchen Utensils & Gadgets/Baking Tools/Baking & Pastry Utensils,,See all available refinements,,,
760384.0,Home & Kitchen/Kitchen & Dining/Kitchen Utensils & Gadgets/Bar & Wine Tools,,See all available refinements,,,
289734.0,Home & Kitchen/Kitchen & Dining/Kitchen Utensils & Gadgets/Bar & Wine Tools/Corkscrews & Openers,item_type_keyword:corkscrews,See all available refinements,,,
289735.0,Home & Kitchen/Kitchen & Dining/Kitchen Utensils & Gadgets/Bar & Wine Tools/Ice Buckets & Tongs,,See all available refinements,,,
289737.0,Home & Kitchen/Kitchen & Dining/Kitchen Utensils & Gadgets/Bar & Wine Tools/Wine Stoppers & Pourers,,See all available refinements,,,
553762.0,Home & Kitchen/Kitchen & Dining/Kitchen Utensils & Gadgets/Barbecue Tools,,See all available refinements,,,
9001153011.0,Home & Kitchen/Kitchen & Dining/Kitchen Utensils & Gadgets/Barbecue Tools/Barbecue Forks & Claws,,See all available refinements,,,
289755.0,Home & Kitchen/Kitchen & Dining/Kitchen Utensils & Gadgets/Can Openers,item_type_keyword:can-openers,See all available refinements,,,
289758.0,Home & Kitchen/Kitchen & Dining/Kitchen Utensils & Gadgets/Cheese Tools,,See all available refinements,,,
289820.0,Home & Kitchen/Kitchen & Dining/Kitchen Utensils & Gadgets/Cheese Tools/Fondue Sets & Accessories,,See all available refinements,,,
16439831.0,Home & Kitchen/Kitchen & Dining/Kitchen Utensils & Gadgets/Colanders & Food Strainers,,See all available refinements,,,
16439841.0,Home & Kitchen/Kitchen & Dining/Kitchen Utensils & Gadgets/Cooking Utensils,,See all available refinements,,,
23944790011.0,Home & Kitchen/Kitchen & Dining/Kitchen Utensils & Gadgets/Cutting Boards,,See all available refinements,,,
760356.0,Home & Kitchen/Kitchen & Dining/Kitchen Utensils & Gadgets/Fruit & Vegetable Tools,,See all available refinements,,,
761356.0,Home & Kitchen/Kitchen & Dining/Kitchen Utensils & Gadgets/Fruit & Vegetable Tools/Corers & Pitters,,See all available refinements,,,
761360.0,Home & Kitchen/Kitchen & Dining/Kitchen Utensils & Gadgets/Fruit & Vegetable Tools/Grapefruit Utensils,,See all available refinements,,,
289784.0,Home & Kitchen/Kitchen & Dining/Kitchen Utensils & Gadgets/Fruit & Vegetable Tools/Potato Mashers & Ricers,,See all available refinements,,,
16439851.0,"Home & Kitchen/Kitchen & Dining/Kitchen Utensils & Gadgets/Graters, Peelers & Slicers",,See all available refinements,,,
289783.0,"Home & Kitchen/Kitchen & Dining/Kitchen Utensils & Gadgets/Graters, Peelers & Slicers/Mandolines & Slicers",item_type_keyword:slicers,See all available refinements,,,
16439891.0,Home & Kitchen/Kitchen & Dining/Kitchen Utensils & Gadgets/Kitchen Accessories,,See all available refinements,,,
1267999011.0,Home & Kitchen/Kitchen & Dining/Kitchen Utensils & Gadgets/Kitchen Accessories/Chefs' Clothing,,See all available refinements,,,
6575930011.0,Home & Kitchen/Kitchen & Dining/Kitchen Utensils & Gadgets/Kitchen Accessories/Chefs' Clothing/Men,,,,,
6575936011.0,Home & Kitchen/Kitchen & Dining/Kitchen Utensils & Gadgets/Kitchen Accessories/Chefs' Clothing/Women,,See all available refinements,,,
3737111.0,Home & Kitchen/Kitchen & Dining/Kitchen Utensils & Gadgets/Kitchen Accessories/Cookbook Stands & Recipe Holders,,See all available refinements,,,
23944789011.0,Home & Kitchen/Kitchen & Dining/Kitchen Utensils & Gadgets/Kitchen Knives & Accessories,,See all available refinements,,,
289852.0,Home & Kitchen/Kitchen & Dining/Kitchen Utensils & Gadgets/Kitchen Knives & Accessories/Asian Knives,item_type_keyword:asian-knives,See all available refinements,,,
289858.0,Home & Kitchen/Kitchen & Dining/Kitchen Utensils & Gadgets/Kitchen Knives & Accessories/Cleavers,item_type_keyword:cleavers,See all available refinements,,,
289862.0,Home & Kitchen/Kitchen & Dining/Kitchen Utensils & Gadgets/Kitchen Knives & Accessories/Specialty Knives,,See all available refinements,,,
289787.0,Home & Kitchen/Kitchen & Dining/Kitchen Utensils & Gadgets/Kitchen Scales,,See all available refinements,,,
289785.0,Home & Kitchen/Kitchen & Dining/Kitchen Utensils & Gadgets/Measuring Tools & Scales,item_type_keyword:measuring-tools,See all available refinements,,,
289787.0,Home & Kitchen/Kitchen & Dining/Kitchen Utensils & Gadgets/Measuring Tools & Scales/Scales,,See all available refinements,,,
760358.0,Home & Kitchen/Kitchen & Dining/Kitchen Utensils & Gadgets/Meat & Poultry Tools,,See all available refinements,,,
289789.0,Home & Kitchen/Kitchen & Dining/Kitchen Utensils & Gadgets/Oil Sprayers & Dispensers,,See all available refinements,,,
289790.0,Home & Kitchen/Kitchen & Dining/Kitchen Utensils & Gadgets/Pasta & Pizza Tools,,See all available refinements,,,
289791.0,Home & Kitchen/Kitchen & Dining/Kitchen Utensils & Gadgets/Pasta & Pizza Tools/Pasta Makers & Accessories,item_type_keyword:pasta-makers,See all available refinements,,,
383850011.0,Home & Kitchen/Kitchen & Dining/Kitchen Utensils & Gadgets/Pasta & Pizza Tools/Pizza Pans & Stones,,See all available refinements,,,
289798.0,Home & Kitchen/Kitchen & Dining/Kitchen Utensils & Gadgets/Salad Tools & Spinners,,See all available refinements,,,
289802.0,Home & Kitchen/Kitchen & Dining/Kitchen Utensils & Gadgets/Salt & Pepper,,See all available refinements,,,
289779.0,Home & Kitchen/Kitchen & Dining/Kitchen Utensils & Gadgets/Seasoning & Spice Tools,,See all available refinements,,,
289780.0,Home & Kitchen/Kitchen & Dining/Kitchen Utensils & Gadgets/Seasoning & Spice Tools/Choppers & Mincers,,See all available refinements,,,
760382.0,Home & Kitchen/Kitchen & Dining/Kitchen Utensils & Gadgets/Seasoning & Spice Tools/Garlic Tools,,See all available refinements,,,
289802.0,Home & Kitchen/Kitchen & Dining/Kitchen Utensils & Gadgets/Seasoning & Spice Tools/Salt & Pepper,,See all available refinements,,,
3737191.0,Home & Kitchen/Kitchen & Dining/Kitchen Utensils & Gadgets/Specialty Tools & Gadgets,,See all available refinements,,,
21331299011.0,Home & Kitchen/Kitchen & Dining/Kitchen Utensils & Gadgets/Straws,,See all available refinements,,,
289807.0,Home & Kitchen/Kitchen & Dining/Kitchen Utensils & Gadgets/Thermometers & Timers,item_type_keyword:kitchen-thermometers,See all available refinements,,,
1267449011.0,Home & Kitchen/Kitchen & Dining/Small Appliance Parts & Accessories,item_type_keyword:kitchen-small-appliance-accessories,See all available refinements,,,
9425873011.0,Home & Kitchen/Kitchen & Dining/Small Appliance Parts & Accessories/Blender Replacement Parts,,See all available refinements,,,
3204211011.0,Home & Kitchen/Kitchen & Dining/Small Appliance Parts & Accessories/Bread Machine Parts & Accessories,,See all available refinements,,,
3115648011.0,Home & Kitchen/Kitchen & Dining/Small Appliance Parts & Accessories/Coffee & Espresso Machine Parts & Accessories,,See all available refinements,,,
289743.0,Home & Kitchen/Kitchen & Dining/Small Appliance Parts & Accessories/Coffee & Espresso Machine Parts & Accessories/Coffee Machine Accessories,,See all available refinements,,,
14042401.0,Home & Kitchen/Kitchen & Dining/Small Appliance Parts & Accessories/Coffee & Espresso Machine Parts & Accessories/Coffee Machine Accessories/Coffee Filters,item_type_keyword:coffee-filters,See all available refinements,,,
12560614011.0,Home & Kitchen/Kitchen & Dining/Small Appliance Parts & Accessories/Coffee & Espresso Machine Parts & Accessories/Coffee Machine Accessories/Coffee Pod Holders,item_type_keyword:coffee-pod-holders,See all available refinements,,,
1261207011.0,Home & Kitchen/Kitchen & Dining/Small Appliance Parts & Accessories/Coffee & Espresso Machine Parts & Accessories/Espresso Machine Accessories,item_type_keyword:espresso-machine-accessories,See all available refinements,,,
9425874011.0,Home & Kitchen/Kitchen & Dining/Small Appliance Parts & Accessories/Deep Fryer Parts & Accessories,,See all available refinements,,,
3204224011.0,Home & Kitchen/Kitchen & Dining/Small Appliance Parts & Accessories/Food Processor Parts & Accessories,,See all available refinements,,,
9425878011.0,Home & Kitchen/Kitchen & Dining/Small Appliance Parts & Accessories/Juicer Parts & Accessories,,See all available refinements,,,
3204226011.0,Home & Kitchen/Kitchen & Dining/Small Appliance Parts & Accessories/Microwave Oven Parts & Accessories,,See all available refinements,,,
9425880011.0,Home & Kitchen/Kitchen & Dining/Small Appliance Parts & Accessories/Pressure Cooker Parts & Accessories,,See all available refinements,,,
7956269011.0,Home & Kitchen/Kitchen & Dining/Small Appliance Parts & Accessories/Soda Maker Parts & Accessories,,See all available refinements,,,
24046931011.0,Home & Kitchen/Kitchen & Dining/Small Appliance Parts & Accessories/Specialty Appliance Parts & Accessories,,See all available refinements,,,
289913.0,Home & Kitchen/Kitchen & Dining/Small Appliances,item_type_keyword:kitchen-small-appliances,See all available refinements,,,
289914.0,Home & Kitchen/Kitchen & Dining/Small Appliances/Blenders,item_type_keyword:electric-blenders,See all available refinements,,,
7740213011.0,Home & Kitchen/Kitchen & Dining/Small Appliances/Coffee Machines,,See all available refinements,,,
289742.0,"Home & Kitchen/Kitchen & Dining/Small Appliances/Coffee, Tea & Espresso Appliances",,See all available refinements,,,
19309415011.0,"Home & Kitchen/Kitchen & Dining/Small Appliances/Coffee, Tea & Espresso Appliances/Kettles & Tea Machines",,See all available refinements,,,
8614937011.0,Home & Kitchen/Kitchen & Dining/Small Appliances/Electric Cake Pop & Mini Cake Makers,item_type_keyword:electric-mini-cake-makers,See all available refinements,,,
23944791011.0,Home & Kitchen/Kitchen & Dining/Small Appliances/Electric Utensils,,See all available refinements,,,
17659095011.0,Home & Kitchen/Kitchen & Dining/Small Appliances/Fryers,,See all available refinements,,,
289919.0,Home & Kitchen/Kitchen & Dining/Small Appliances/Indoor Grills & Griddles,item_type_keyword:electric-contact-grills-and-griddles,See all available refinements,,,
289926.0,Home & Kitchen/Kitchen & Dining/Small Appliances/Juicers,item_type_keyword:electric-juicers,See all available refinements,,,
7223587011.0,Home & Kitchen/Kitchen & Dining/Small Appliances/Juicers/Masticating Juicers,item_type_keyword:electric-masticating-juicers,See all available refinements,,,
289935.0,Home & Kitchen/Kitchen & Dining/Small Appliances/Microwave Ovens,item_type_keyword:microwave-ovens,See all available refinements,,,
289929.0,Home & Kitchen/Kitchen & Dining/Small Appliances/Mixers,item_type_keyword:electric-mixers,See all available refinements,,,
289933.0,Home & Kitchen/Kitchen & Dining/Small Appliances/Ovens & Toasters,item_type_keyword:countertop-ovens,See all available refinements,,,
289936.0,Home & Kitchen/Kitchen & Dining/Small Appliances/Ovens & Toasters/Rotisseries & Roasters,,See all available refinements,,,
289941.0,Home & Kitchen/Kitchen & Dining/Small Appliances/Specialty Appliances,,See all available refinements,,,
1090760.0,Home & Kitchen/Kitchen & Dining/Small Appliances/Specialty Appliances/Food Grinders & Mills,item_type_keyword:electric-food-grinders,See all available refinements,,,
3741681.0,Home & Kitchen/Kitchen & Dining/Small Appliances/Specialty Appliances/Quesadilla & Tortilla Makers,,See all available refinements,,,
3741521.0,Home & Kitchen/Kitchen & Dining/Small Appliances/Wine Cellars,item_type_keyword:wine-cellars,See all available refinements,,,
510136.0,Home & Kitchen/Kitchen & Dining/Storage & Organization,item_type_keyword:kitchen-storage-and-organization-products,See all available refinements,,,
16188246011.0,Home & Kitchen/Kitchen & Dining/Storage & Organization/Flatware & Utensil Storage,,See all available refinements,,,
9768326011.0,Home & Kitchen/Kitchen & Dining/Storage & Organization/Food Storage,,See all available refinements,,,
12560614011.0,Home & Kitchen/Kitchen & Dining/Storage & Organization/Food Storage/Coffee Pod Holders,item_type_keyword:coffee-pod-holders,See all available refinements,,,
21551230011.0,Home & Kitchen/Kitchen & Dining/Storage & Organization/Food Storage/Food Containers,,See all available refinements,,,
23691552011.0,Home & Kitchen/Kitchen & Dining/Storage & Organization/Racks & Holders,,See all available refinements,,,
3743971.0,Home & Kitchen/Kitchen & Dining/Storage & Organization/Racks & Holders/Cabinet & Drawer Organization,item_type_keyword:cabinet-organizers,See all available refinements,,,
3744251.0,Home & Kitchen/Kitchen & Dining/Storage & Organization/Racks & Holders/Wine Racks & Cabinets,item_type_keyword:wine-racks,See all available refinements,,,
21613418011.0,Home & Kitchen/Kitchen & Dining/Storage & Organization/Thermoses,,See all available refinements,,,
21613420011.0,Home & Kitchen/Kitchen & Dining/Storage & Organization/Thermoses/Insulated Beverage Containers,,See all available refinements,,,
8841480011.0,Home & Kitchen/Kitchen & Dining/Storage & Organization/Travel & To-Go Food Containers,,See all available refinements,,,
9630569011.0,Home & Kitchen/Kitchen & Dining/Travel & To-Go Drinkware,,See all available refinements,,,
510202.0,Home & Kitchen/Kitchen & Dining/Water Coolers & Filters,item_type_keyword:water-filters,See all available refinements,,,
3741111.0,Home & Kitchen/Kitchen & Dining/Water Coolers & Filters/Replacement Water Filters,item_type_keyword:replacement-water-filters,See all available refinements,,,
13299291.0,Home & Kitchen/Kitchen & Dining/Wine Accessories,item_type_keyword:wine-accessories,See all available refinements,,,
289737.0,Home & Kitchen/Kitchen & Dining/Wine Accessories/Wine Stoppers & Pourers,,See all available refinements,,,
16510975011.0,Home & Kitchen/Lighting & Ceiling Fans,,See all available refinements,,,
495362.0,Home & Kitchen/Lighting & Ceiling Fans/Ceiling Fans & Accessories,,See all available refinements,,,
495364.0,Home & Kitchen/Lighting & Ceiling Fans/Ceiling Fans & Accessories/Accessories,item_type_keyword:ceiling-fan-accessories,See all available refinements,,,
5486428011.0,Home & Kitchen/Lighting & Ceiling Fans/Ceiling Lights,,See all available refinements,,,
3736711.0,Home & Kitchen/Lighting & Ceiling Fans/Ceiling Lights/Recessed Lighting,,See all available refinements,,,
3736691.0,Home & Kitchen/Lighting & Ceiling Fans/Ceiling Lights/Track Lighting,,See all available refinements,,,
3736561.0,Home & Kitchen/Lighting & Ceiling Fans/Lamps & Shades,,See all available refinements,,,
3736551.0,Home & Kitchen/Lighting & Ceiling Fans/Lighting Accessories,item_type_keyword:lighting-accessories,See all available refinements,,,
3736531.0,Home & Kitchen/Lighting & Ceiling Fans/Novelty Lighting,,See all available refinements,,,
5486429011.0,Home & Kitchen/Lighting & Ceiling Fans/Wall Lights,,See all available refinements,,,
13679381.0,Home & Kitchen/Seasonal Décor,item_type_keyword:christmas-decor,See all available refinements,,,
702628011.0,Home & Kitchen/Seasonal Décor/Nativity,,See all available refinements,,,
12659354011.0,Home & Kitchen/Seasonal Décor/Ornaments,item_type_keyword:decorative-hanging-ornaments AND thesaurus_subject_keywords:christmas,See all available refinements,,,
285033011.0,Home & Kitchen/Seasonal Décor/Outdoor Holiday Décor,item_type_keyword:outdoor-holiday-decorations,See all available refinements,,,
3736751.0,Home & Kitchen/Seasonal Décor/Seasonal Lighting,item_type_keyword:seasonal-celebration-lighting,See all available refinements,,,
13744821.0,Home & Kitchen/Seasonal Décor/Stockings & Holders,,See all available refinements,,,
13679411.0,"Home & Kitchen/Seasonal Décor/Wreaths, Garlands & Swags",,See all available refinements,,,
3610841.0,Home & Kitchen/Storage & Organization,,See all available refinements,,,
2422430011.0,"Home & Kitchen/Storage & Organization/Baskets, Bins & Containers",item_type_keyword:home-storage-baskets-bins-and-containers,See all available refinements,,,
2422451011.0,Home & Kitchen/Storage & Organization/Bathroom Storage & Organization,,See all available refinements,,,
2423187011.0,Home & Kitchen/Storage & Organization/Clothing & Closet Storage,,See all available refinements,,,
16353521.0,Home & Kitchen/Storage & Organization/Clothing & Closet Storage/Accessory Organizers,item_type_keyword:hangers-for-accessories,See all available refinements,,,
11601906011.0,Home & Kitchen/Storage & Organization/Clothing & Closet Storage/Closet Rods & Shelves,,See all available refinements,,,
3744481.0,Home & Kitchen/Storage & Organization/Clothing & Closet Storage/Clothes Hangers,item_type_keyword:clothes-hangers,See all available refinements,,,
695481011.0,Home & Kitchen/Storage & Organization/Clothing & Closet Storage/Shoe Organizers,,See all available refinements,,,
165112011.0,Home & Kitchen/Storage & Organization/Garage Storage & Organization,item_type_keyword:garage-storage-and-organization-products,See all available refinements,,,
303689011.0,Home & Kitchen/Storage & Organization/Garage Storage & Organization/System Attachments,item_type_keyword:garage-storage-and-organization-system-attachments,See all available refinements,,,
2423741011.0,Home & Kitchen/Storage & Organization/Holiday Décor Storage,item_type_keyword:holiday-decoration-storage-containers,See all available refinements,,,
3744261.0,Home & Kitchen/Storage & Organization/Home Storage Hooks,,See all available refinements,,,
3743851.0,Home & Kitchen/Storage & Organization/Jewelry Boxes & Organizers,item_type_keyword:jewelry-organizers,See all available refinements,,,
510136.0,Home & Kitchen/Storage & Organization/Kitchen Storage & Organization,item_type_keyword:kitchen-storage-and-organization-products,See all available refinements,,,
16188246011.0,Home & Kitchen/Storage & Organization/Kitchen Storage & Organization/Flatware & Utensil Storage,,See all available refinements,,,
9768326011.0,Home & Kitchen/Storage & Organization/Kitchen Storage & Organization/Food Storage,,See all available refinements,,,
12560614011.0,Home & Kitchen/Storage & Organization/Kitchen Storage & Organization/Food Storage/Coffee Pod Holders,item_type_keyword:coffee-pod-holders,See all available refinements,,,
21551230011.0,Home & Kitchen/Storage & Organization/Kitchen Storage & Organization/Food Storage/Food Containers,,See all available refinements,,,
23691552011.0,Home & Kitchen/Storage & Organization/Kitchen Storage & Organization/Racks & Holders,,See all available refinements,,,
3743971.0,Home & Kitchen/Storage & Organization/Kitchen Storage & Organization/Racks & Holders/Cabinet & Drawer Organization,item_type_keyword:cabinet-organizers,See all available refinements,,,
3744251.0,Home & Kitchen/Storage & Organization/Kitchen Storage & Organization/Racks & Holders/Wine Racks & Cabinets,item_type_keyword:wine-racks,See all available refinements,,,
21613418011.0,Home & Kitchen/Storage & Organization/Kitchen Storage & Organization/Thermoses,,See all available refinements,,,
21613420011.0,Home & Kitchen/Storage & Organization/Kitchen Storage & Organization/Thermoses/Insulated Beverage Containers,,See all available refinements,,,
8841480011.0,Home & Kitchen/Storage & Organization/Kitchen Storage & Organization/Travel & To-Go Food Containers,,See all available refinements,,,
3744341.0,Home & Kitchen/Storage & Organization/Laundry Storage & Organization,item_type_keyword:laundry-storage-products,See all available refinements,,,
11601921011.0,Home & Kitchen/Storage & Organization/Office Storage & Organization,,See all available refinements,,,
11601922011.0,"Home & Kitchen/Storage & Organization/Office Storage & Organization/Desk Supplies, Organizers & Dispensers",,See all available refinements,,,
2422463011.0,"Home & Kitchen/Storage & Organization/Racks, Shelves & Drawers",,See all available refinements,,,
11601924011.0,"Home & Kitchen/Storage & Organization/Racks, Shelves & Drawers/Shelf Liners & Dividers",,See all available refinements,,,
2422453011.0,"Home & Kitchen/Storage & Organization/Trash, Recycling & Compost",,See all available refinements,,,
510106.0,Home & Kitchen/Vacuums & Floor Care,,See all available refinements,,,
11333721011.0,Home & Kitchen/Vacuums & Floor Care/Carpet & Upholstery Cleaners & Accessories,,See all available refinements,,,
11333725011.0,"Home & Kitchen/Vacuums & Floor Care/Steam Cleaners, Steam Mops & Accessories",,See all available refinements,,,
510128.0,Home & Kitchen/Vacuums & Floor Care/Vacuum Parts & Accessories,,,,,
11333716011.0,Home & Kitchen/Vacuums & Floor Care/Vacuum Parts & Accessories/Attachments & Brushes,,See all available refinements,,,
510120.0,Home & Kitchen/Vacuums & Floor Care/Vacuum Parts & Accessories/Bags,item_type_keyword:household-vacuum-bags,See all available refinements,,,
12955681.0,Home & Kitchen/Vacuums & Floor Care/Vacuum Parts & Accessories/Filters,item_type_keyword:household-vacuum-filters,,,,
3743521.0,Home & Kitchen/Vacuums & Floor Care/Vacuums,,See all available refinements,,,
3736081.0,Home & Kitchen/Wall Art,item_type_keyword:artwork,See all available refinements,,,
